,abbr,meaning
0,#FF,Follow Friday
1,(U),"it means arms around you, hug for you"
2,*$,Starbucks
3,**//,"it means wink wink, nudge nudge"
4,",!!!!",Talk to the hand
5,/R/,Requesting
6,02,"Your (or my) two cents worth, also seen as m.02"
7,10Q,Thank you
8,1174,Nude club
9,121,One to one
10,123,it means I agree
11,1337,Elite -or- leet -or- L337
12,14,it refers to the fourteen words
13,142n8ly,Unfortunately
14,143,I love you
15,1432,I Love You Too
16,14AA41,One for All and All for One
17,182,I hate you
18,187,it means murder/ homicide
19,19,0 hand
20,1daful,it means wonderful
21,1V4,One Vs. Four
22,2,"it means to, too, two"
23,20,Location
24,24/7,"Twenty Four Seven, as in all the time"
25,2b,To be
26,2B or not 2B,To Be Or Not To Be
27,2b@,To Be At
28,2BZ4UQT,Too Busy For You Cutey
29,2B~not2B,To be or not to be
30,2d4,To die for
31,2day,Today
32,2DLoo,Toodle oo
33,2G2B4G,Too Good To Be Forgotten
34,2G2BT,Too Good To Be True
35,2moro,Tomorrow
36,2nite,Tonight
37,2QT,Too Cute
38,2U2,To You Too
39,303,Mom
40,4,"For, Four"
41,403,Deny Access To
42,404,I haven't a clue
43,411,Information
44,420,Marijuana
45,459,I love you
46,4COL,For Crying Out Loud
47,4e,Forever
48,4EAE,ForEver And Ever
49,4eva,Forever
50,4ever,Forever
51,4FS,For F***’s Sake
52,4NR,Foreigner
53,4Q,F*** You
54,511,Too much information
55,53X,Sex
56,5FS,5 Finger Salute
57,747,Let's Fly
58,775,Kiss Me
59,8,"it means ate, it also refers to oral sex"
60,831,I Love You
61,86,"Out of, over, to get rid of, or kicked out"
62,88,Hugs and kisses
63,8t,it means it
64,9,Parent is watching
65,99,Parent is no longer watching
66,996,"Work 9am-9pm, 6 days a week"
67,::poof::,I'm gone
68,&lt;3,it's a heart
69,=,it means reply
70,?,I have a question
71,?^,Hook up?
72,@,it means at -or- it means reply to
73,@+,French equivalent of CUL8R
74,@TEOTD,At The End Of The Day
75,A/N,Author's Note
76,A/S/L/P,Age/Sex/Location/Picture
77,A2D,Agree to Disagree
78,A3,"Anytime, Anyplace, Anywhere"
79,AAAAA,American Association Against Acronym Abuse
80,AAF,As A Friend -or- Always And Forever
81,AAK,Asleep At Keyboard
82,AAMOF,As A Matter Of Fact
83,AAMOI,As A Matter Of Interest
84,AAP,Anarchy Arrogance Pollution
85,AAR,At Any Rate
86,AAR8,At Any Rate
87,AAS,Alive And Smiling
88,AATK,Always At The Keyboard
89,AAYF,"As Always, Your Friend"
90,AB,Ass Backwards -or- Ah Bless
91,ab/abt,about
92,ABC,"Always Be Creating/Communicating -or- Accept, Believe, Confess"
93,ABCD,"Artificial Intelligence, Blockchain, Cloud, Data"
94,ABH,Anywhere But Here
95,ABITHIWTITB,A Bird In The Hand Is Worth Two In The Bush
96,ABK,Always Be Knolling
97,ABT2,About To
98,ACC,Actually
99,ACD,Alt Control Delete
100,ACE,Access Control Entry
101,ACK,Acknowledgement
102,ACORN,A Completely Obsessive Really Nutty person
103,ADAD,Another Day Another Dollar
104,ADBB,All Done Bye Bye
105,add,Address
106,addy,address
107,ADIDAS,All Day I Dream About Sex
108,ADIH,Another Day In Hell
109,ADIP,Another Day In Paradise
110,ADM,Aye Dios Mio
111,ADN,Advanced Digital Network -or- Any Day Now
112,ADR,Address
113,ADVD,Advised
114,AEAP,As Early As Possible
115,AF,As F*** or After Fate
116,AFAGAY,A Friend As Good As You
117,AFAHMASP,A Fool And His Money Are Soon Parted
118,AFAIC,As Far As I'm Concerned
119,AFAICS,As Far As I Can See
120,AFAICT,As Far As I Can Tell
121,AFAIK,As Far As I Know
122,AFAIR,As Far As I Remember
123,AFAIU,As Far As I Understand
124,AFAIUI,As Far As I Understand It
125,AFAP,As Far As Possible
126,AFAYC,As Far As You're Concerned
127,AFC,Away From Computer
128,AFDN,Any F***ing Day Now
129,AFGO,Another F***ing Growth Opportunity
130,AFIAA,As Far As I Am Aware
131,AFINIAFI,A Friend In Need Is A Friend Indeed
132,AFJ,April Fools Joke
133,AFK,Away From Keyboard -or- A Free Kill
134,AFPOE,A Fresh Pair Of Eyes
135,AFT,About F***ing Time
136,AFU,All F***ed Up
137,AFW,Away From Window
138,AFZ,Acronym Free Zone
139,AGB,Almost Good Bridge
140,AGIG,American Girl InstaGram
141,AGKWE,And God Knows What Else
142,AI,Artificial Intelligence -or- As If
143,AIAMU,And I'm A Monkey's Uncle
144,aight,all right
145,AIH,As It Happens
146,AIMB,As I Mentioned Before
147,AIMP,Always In My Prayers
148,AISB,As I Said Before
149,AISE,As I Said Earlier
150,AISI,As I See It
151,AITR,Adult In The Room
152,AKA or a.k.a.,Also Known As
153,ALAP,As Late As Possible
154,alcon,All Concerned
155,ALOL,Actually Laughing Out Loud
156,ALOTBSOL,Always Look On The Bright Side Of Life
157,ALTG,"Act Locally, Think Globally"
158,ALW,Ain't Life Wonderful
159,AMA,Ask Me Anything
160,AMAP,As Many As Possible -or- As Much As Possible
161,AMBW,All My Best Wishes
162,AMF,Adios Mother F***er
163,AML,All My Love
164,AMOSC,Add Me On SnapChat
165,AMP,Accelerated Mobile Pages
166,AMRMTYFTS,All My Roommates Thank You For The Show
167,ANFAWFOS,And Now For A Word From Our Sponsor
168,ANFSCD,And Now For Something Completely Different
169,ANGB,Almost Nearly Good Bridge
170,AOAS,All Of A Sudden
171,AOB,Abuse Of Bandwidth
172,AON,Apropos Of Nothing
173,AOR,Agency On Record -or- Album-Oriented Rock
174,AOYP,Angel On Your Pillow
175,AP,Apple Pie
176,APAC,Asia-Pacific
177,APU,As Per Usual
178,AR,Action Required -or- Augmented Reality
179,AS,Ape Sh** -or- Another Subject
180,ASAFP,As Soon As F***ing Possible
181,ASAMOF,As A Matter Of Fact
182,ASAP,As Soon As Possible
183,ASAYGT,As Soon As You Get This
184,ASL,Age/Sex/Location
185,ASLMH,Age/Sex/Location/Music/Hobbies
186,ASMR,Autonomous Sensory Meridian Response
187,ATAB,Ain't That A Bitch
188,ATBIMS,All These Bitches Is My Sons
189,ATC,Any Two Cards
190,ATM,At The Moment -or- Ass To Mouth
191,ATSL,Along The Same Line
192,ATST,At The Same Time
193,ATW,"All The Web, Around The Web, All The Way, At The Weekend"
194,ATWD,Agree That We Disagree
195,AUNT,And U Know This
196,AUNTM,And U Know This Man
197,AWC,"After While, Crocodile"
198,AWGTHTGTTA,Are We Going To Have To Go Through This Again
199,AWHFY,Are We Having Fun Yet?
200,AWLTP,Avoiding Work Like The Plague
201,AWNIAC,All We Need Is Another Chair
202,AWOL,Absent Without Leave
203,AWS,Awesome -or- Amazon Web Services
204,AWTTW,A Word To The Wise
205,ax,it means across
206,AYC,Aren't You Clever -or- Aren't You Cheeky
207,AYCE,All You Can Eat
208,AYEG,Are You Even Goth?
209,AYFKMWTS,Are You F***ing Kidding Me With This Sh**
210,AYK,As You Know
211,AYMM,Are You My Mother
212,AYOR,At Your Own Risk
213,AYSOS,Are You Stupid Or Something
214,AYTMTB,And You're Telling Me This Because
215,AYV,Are You Vertical?
216,B,Be
217,B&amp;E,Breaking &amp; Entering
218,B&amp;F,Back and Forth
219,B/C,Because
220,B/W,Between
221,B2A,Business-to-Anyone
222,B2B,Business-to-Business
223,B2B2C,Business-to-Business-to-Consumer
224,B2C,Business-to-Consumer
225,B2D,Business-to-Distributor
226,B2E,Business-to-Employee
227,B2G,Business-to-Government
228,B4,Before
229,B4N,Bye For Now
230,B4U,Before You
231,B4YKI,Before You Know It
232,B@U or BAK@U,Back at You
233,BABY,Being Annoyed By You
234,BAC,Bad Ass Chick
235,bae,Before Anyone Else
236,BAEB,Before Anyone Else Babe
237,BAESBO,Before Anyone Else So Back Off
238,BAG,Busting A Gut -or- Big Ass Grin
239,BAK,Back At Keyboard
240,BAME,"Black, Asian, and Minority Ethnic"
241,BAMF,Bad Ass Mother F***er
242,banana,it means penis
243,BARB,Buy Abroad but Rent in Britain
244,BASE,"Buildings, Antennas, Spans, Earth"
245,BAU,Business As Usual
246,BB,Be Back -or- Buzzard Breath -or- Blessed Be -or- Baby
247,BB4N,Bye Bye for Now
248,BBAMFIC,Big Bad Ass Mother F***er In Charge
249,BBB,"Bye Bye Babe -or- Boring Beyond Belief -or- Big, Beige &amp; Boring"
250,BBBG,Bye Bye Be Good
251,BBFBBM,"Body By Fisher, Brains By Mattel"
252,BBFN,Bye Bye for Now
253,BBIAB,Be Back In A Bit
254,BBIAF,Be Back In A Few
255,BBIAS,Be Back In A Sec
256,BBIAW,Be Back In A While
257,BBL,Be Back Later
258,BBMFIC,Big Bad Mother F***er In Charge
259,BBQ,Bar-B-Que -or- Barbeque
260,BBR,Burnt Beyond Repair
261,BBS,Be Back Soon -or Bulletin Board Service
262,BBSD,Be Back Soon Darling
263,BBSL,Be Back Sooner or Later
264,BBT,Be Back Tomorrow
265,BBW,Big Beautiful Woman -or- Big Black Woman
266,BC,Because
267,BCBG,Bon Chic Bon Genre -or- Belle Cul Belle Geulle
268,BCBS,"Big Company, Big School"
269,BCNU,Be Seeing You
270,bcoz,because
271,BD,Big Deal -or- Baby Dance -or- Brain Drain
272,BDBI5M,Busy Daydreaming Back In 5 Minutes
273,BDC,Big Dumb Company -or- Big Dot Com
274,BDE,Big Dick Energy
275,BDN,Big Damn Number
276,BDOA,Brain Dead On Arrival
277,BDSM,"Bondage, Dominance, Sadism, Masochism"
278,BEG,Big Evil Grin
279,beos,Nudge
280,BF,Boyfriend -or- Best Friend
281,BF4L,Best Friends For Life
282,BFBO,Blinding Flash of the Bloody Obvious
283,BFD,Big F***ing Deal -or- Big F***ing Disaster
284,BFE,Bum F*** Egypt
285,BFF,Best Friends Forever -or- Best Friend's Funeral
286,BFFN,Best Friends For Now
287,BFFTTE,Best Friends Forever Til The End
288,BFFW,Best Friends Forever Work
289,BFG,Big F***ing Gun
290,BFN,Bye For Now
291,BFR,Big F***ing Rock
292,BG,Be Good
293,BGBC,Be Glad Be Cheerful
294,BGF,Best GirlFriend
295,BHAG,Big Hairy Audacious Goal
296,BHG,Big Hearted Guy -or- Big Hearted Girl
297,BHIMBGO,"Bloody Hell, I Must Be Getting Old"
298,BHOF,Bald Headed Old Fart
299,BI,Business Intelligence
300,BI5,Back In Five
301,BIBI,Bye Bye
302,BIBLE,Basic Instructions Before Leaving Earth
303,BIBO,"Beer In, Beer Out"
304,BIF,Basis In Fact -or- Before I Forget
305,BIL,Brother-In-Law -or- Boss Is Listening
306,BIO,Bring It On
307,BIOIYA,Break It Off In Your Ass
308,BION,Believe It Or Not
309,BIOYA,Blow It Out Your Ass
310,BIOYE,Blow It Out Your Ear
311,BIOYIOP,Blow It Out Your I/O Port
312,BIOYN,Blow it Out Your Nose
313,BITCH,Basically In The Clear Homey
314,BITD,Back In The Day
315,BITFOB,"Bring It The F*** On, Bitch"
316,BIZ,it means Business
317,BJ,Blow Job
318,BKA,Better Known As
319,BL,Belly Laughing
320,BLAST,BiLateral Alternating Stimulation Tactile
321,BLBBLB,"Back Like Bull, Brain Like Bird"
322,BLD,Breakfast Lunch Dinner
323,Blkbry,Blackberry
324,BLZRD,it means blizzard
325,BM,Byte Me
326,BMF,Bad Mother F***er
327,BMGWL,Busting My Gut With Laughter
328,BMOC,Big Man On Campus
329,BMOF,Bite Me Old Fart
330,BMOTA,Byte Me On The Ass
331,BMS,Baby Making Sex
332,BMW,"B*tch, Moan, Whine"
333,BN,Been -or- Being
334,BNDN,Been Nowhere Done Nothing
335,BNF,Big Name Fan
336,BO,Bug Off -or- Body Odor
337,BOAISY,Bend Over And I'll Show You
338,BOAT,Bust Out Another Thousand
339,BOB,Battery Operated Boyfriend
340,BOBFOC,"Body Off Baywatch, Face Off Crimewatch"
341,BOCTAAE,But Of Course There Are Always Exceptions
342,BOD,Benefit of the Doubt -or- Board Of Directors
343,BOFH,Bastard Operator From Hell
344,BOH,Bros Over Hoes
345,BOHICA,Bend Over Here It Comes Again
346,BOL,Bark Out Loud
347,BON,Believe it Or Not
348,book,it means cool
349,BOTEC,Back Of The Envelope Calculation
350,BOTL,Bra On The Loose
351,BOTOH,But On The Other Hand
352,BOTUS,Bot Of The United States
353,BPLM,Big Person Little Mind
354,BR,Bathroom
355,BRB,Be Right Back
356,BRICS,"Brazil, Russia, India, China, South Africa"
357,BRL,Belly Roll Laughs
358,BRO,Be Right Over
359,BRT,Be Right There
360,BRUF,Big Requirements Up Front
361,BS,Big Smile -or- Bull Sh** -or- Brain Strain
362,BSAAW,Big Smile And A Wink
363,BSBD&amp;NE,"Book Smart, Brain Dead &amp; No Experience"
364,BSEG,Big Sh** Eating Grin
365,BSF,"But Seriously, Folks"
366,BSOD,Blue Screen of Death
367,BT,Byte This
368,BTA,But Then Again -or- Before The Attacks
369,BTD,Bored To Death
370,BTDT,Been There Done That
371,BTDTGTS,"Been There, Done That, Got The T-shirt"
372,BTFLDY,it means beautiful day
373,BTFO,Back The F*** Off -or- Bend The F*** Over
374,BTHOOM,Beats The Heck Out Of Me
375,BTI,Bash Twitter Idiocy
376,BTN,Better Than Nothing
377,BTOIYA,Be There Or It's Your Ass
378,BTR,Better
379,BTSOOM,Beats The Sh** Out Of Me
380,BTTE,Brothers To The End
381,BTTP,Back To The Past
382,BTTT,Back To The Top -or- Bump To The Top
383,BTW,By The Way -or- Bring The Wheelchair -or- Booty To Win
384,BTWBO,Be There With Bells On
385,BTWITIAILWU,By The Way I Think I Am In Love With You
386,BTYC,Better Than You Can
387,BTYD,Better Than You Do
388,BUFF,Big Ugly Fat F***
389,buhbye,bye
390,bump,Bring Up My Post
391,BW,Best Wishes
392,BWDIK,But What Do I Know
393,BWI,But What If
394,BWL,Bursting With Laughter
395,BWO,"Black, White or Other"
396,BWTM,"But Wait, There's More"
397,BYAM,Between You And Me
398,BYKI,Before You Know It
399,BYKT,But You Knew That
400,BYOA,Bring Your Own Advil
401,BYOB,Bring Your Own Bottle -or- Bring Your Own Beer
402,BYOD,Bring Your Own Device
403,BYOP,Bring Your Own Pencil
404,BYOW,Build Your Own Website -or- Bring Your Own Wine
405,BYTME,Better You Than ME
406,BZ,Busy
407,C,"it means see, it's also a programming language"
408,c ya,see ya
409,c%d,it means could
410,c%l,it means cool
411,C&amp;G,Chuckle and Grin
412,C-P,Sleepy
413,C-T,City
414,C/P,Cross Post
415,C/S,Change of Subject
416,C4N,Ciao For Now
417,CAAC,Cool As A Cucumber
418,CAL,Cyberathlete Amateur League
419,CAS,Crack A Smile
420,CB,Chat Brat -or- Coffee Break -or Call Back
421,CBB,Can't Be Bothered
422,CBD,"it stands for Cannabidiol, a.k.a. CBD oil"
423,CBF,Can't Be F***ed
424,CBJ,Covered Blow Job
425,CBM,Covered By Medicare
426,CBOT,Centered Backgrounds On Twitter
427,CBT,Computer Based Training -or- Cognitive Behavioral Therapy
428,cc,carbon copy
429,CCOT,Conservative Christians on Twitter
430,CCW,Cute Crush Wednesday
431,CD,Carpe diem -or- Compact Disc
432,CD9,Code 9 - it means parents are around
433,CF,Coffee Freak -or- Cluster F***
434,CFV,Call For Vote
435,CHA,Click Here Asshole
436,chln,it means chilling or to be chill
437,CIAO,Goodbye (in Italian)
438,CICO,"Coffee In, Coffee Out"
439,CICYHW,Can I Copy Your Home Work
440,CID,Consider It Done -or- Crying In Disgrace
441,CIL,Check In Later
442,CINBA,Clad In Naught But Air
443,CIO,Check It Out -or- Chief Information Officer / Chief Internet Officer
444,CITO,"Cache In, Trash Out"
445,CLD,it means cold
446,CLM,Career Limiting Move
447,CM,Call Me
448,CMAO,Chortling My Ass Off
449,CMAP,Cover My Ass Partner
450,CMB,Call Me Back
451,CMF,Count My Fingers
452,CMIW,Correct Me if I'm Wrong
453,CMSU,Cracking MySelf Up
454,CMU,Crack Me Up
455,CN,Can
456,CNP,Continued in Next Post
457,COB,Close Of Business
458,COBRAS,Come On By Right After School
459,COD,Change Of Dressing
460,Cof$,Church of Scientology
461,CofS,Church of Scientology
462,COL,Chuckle Out Loud -or- Chortling Out Loud
463,coo,short for cool
464,COS,Change Of Subject -or- it means because
465,COT,Circle Of Trust
466,CPA,Cost Per Action -or- Cost Per Acquisition
467,CPC,Cost Per Click -or- Cost-Per-Click
468,CPG,Consumer Packaged Goods
469,CPL,Cost Per Lead
470,CQRT,Security
471,CQTS,Chuckling Quietly To Self
472,CRAFT,Can't Remember A F***ing Thing
473,CRAP,Cheap Redundant Assorted Products
474,CRAT,Can't Remember A Thing
475,CRAWS,Can't Remember Anything Worth A Sh**
476,CRB,Come Right Back
477,CRBT,Crying Real Big Tears
478,CRD,Caucasian Rhythm Disorder -or- Deficiency
479,CRDTCHCK,Credit Check
480,CRS,Can't Remember Sh** -or- Cockney Rhyming Slang
481,CRTLA,Can't Remember the Three-Letter Acronym
482,CS,Career Suicide
483,CS&amp;F,Cute Sexy &amp; Funny
484,CSA,Cool Sweet Awesome
485,CSABR,Continued Success And Best Regards
486,CSL,Can't Stop Laughing
487,CSN,"Chuckle, Snicker, Grin"
488,CT,Can't Talk -or- Can't Text
489,CTA,Call To Action
490,CTC,Care To Chat -or- Contact -or- Choking The Chicken
491,CTFD,Calm The F*** Down
492,CTFO,Come The F*** On
493,CTFU,Cracking The F*** Up
494,CTMQ,Chuckle To Myself Quietly
495,CTO,Check This Out
496,CU,See You -or- Cracking Up
497,CU46,See You For Sex
498,CUA,Clean Up Afterwards
499,CUATSC,See You At The Senior Center
500,CUATU,See You Around The Universe
501,CUL,See You Later
502,CUL8R,See You Later
503,CULA,See You Later Alligator
504,CUNS,See You In School
505,CUNT,See You Next Time -or- Can't Understand Newest Text -or- Can't Understand Normal Thinking
506,CUOL,See You OnLine
507,CUPL,Couple
508,CUWTA,Catch Up With The Acronyms
509,CUZ,Because
510,CWOT,Complete Waste Of Time
511,CWYL,Chat With You Later
512,CX,Cancelled
513,CxO,Chief insert title here Officer
514,CY,Calm Yourself
515,CYA,Cover Your Ass -or- See Ya
516,CYE,Check your Email
517,CYL,See You Later
518,CYM,Check Your Mail
519,CYO,See You Online
520,CYOH,Create Your Own Happening
521,CYT,See You Tomorrow
522,D,Dad -or- it means the
523,D&amp;M,Deep &amp; Meaningful
524,d/c,disconnected
525,d00d,"dude, also seen as dood"
526,D2D,Developer-to-Developer or Day-to-Day
527,D8,Date
528,da,there
529,DAFUQ,What the F***
530,DAMHIKT,Don't Ask Me How I Know That
531,DANNY,"Duplicating Another's, Not Necessarily Yours"
532,DARFC,Ducking And Running For Cover
533,DASH,Dumb Ass Stupid Head
534,DBA,Doing Business As -or- Don't Bother Asking
535,DBABAI,Don't Be A Bitch About It
536,DBBSWF,"Dream Boat Body, Shipwreck Face"
537,DBD,Don't Be Dumb
538,DBEYR,Don't Believe Everything You Read
539,DBMIB,Don't Bother Me I'm Busy
540,DD,Due Diligence
541,DDAS,Don't Do Anything Stupid
542,DDG,Drop Dead Gorgeous
543,DDSOS,"Different Day, Same Old Sh**"
544,DDWI,Don't Dick With It
545,DEA,Drinking Every Afternoon
546,def,Definitely
547,defo,Definitely
548,DEGT,Don't Even Go There
549,dem,them
550,DENIAL,Don't Even Notice I Am Lying
551,dese,these
552,DETI,Don't Even Think It
553,DETWEET,DElete a TWEET
554,dewd,dude
555,dey,they
556,DF,Dear Friend
557,DFIK,Darn If I Know
558,DFLA,"Disenhanced Four-Letter Acronym (that is, a TLA)"
559,DFTBA,Don't Forget To Be Awesome
560,DFU,Don't F*** Up
561,DFWLY,Don't Forget Who Loves You
562,DGA,Don't Go Anywhere
563,DGAF,Don't Give A F***
564,DGARA,Don't Give A Rat's Ass
565,DGT,Don't Go There
566,DGTG,Don't Go There Girlfriend
567,DGYF,Damn Girl You're Fine
568,DH,Dear Husband
569,DHYB,Don't Hold Your Breath
570,DIAF,Die In A Fire
571,DIC,Drunk In Charge
572,DIFBET,it means what's the difference between
573,DIKU,Do I Know You?
574,DILLIGAD,Do I Look Like I Give A Damn
575,DILLIGAS,Do I Look Like I Give A Sh**
576,DINK,"Double Incomes, No Kids"
577,DINO,Democrat In Name Only
578,DINR,Dinner
579,DIRFT,Do It Right the First Time
580,DISTO,Did I Say That Outloud?
581,DITR,Dancing In The Rain
582,ditto,same here
583,DITYID,Did I Tell You I'm Distressed
584,DIY,Do It Yourself
585,DJM,Don't Judge Me
586,DK,Don't Know
587,DKDC,Don't Know Don't Care
588,DL,Down Low -or- Download -or- Dead Link
589,DLTBBB,Don't Let The Bed Bugs Bite
590,DLTM,Don't Lie To Me
591,DM,Direct Message
592,DMI,Don't Mention It
593,DNBL8,Do Not Be Late
594,DNC,Does Not Compute
595,DND,Do Not Disturb
596,DNF,Did Not Find
597,DNPMPL,Damn Near Pissed My Pants Laughing
598,DNR,Do Not Resuscitate
599,DOA,Dead On Arrival
600,DOC,Drug Of Choice
601,DOE,Depends On Experience
602,DOEI,Goodbye (in Dutch)
603,DOG,Depend On God
604,DOH,it's an expression of frustration
605,doin,it means doing
606,DORD,Department Of Redundancy Department
607,DOS,Dad Over Shoulder -or- Dozing Off Soon
608,DP,Domestic Partner
609,dps,Damage Per Second
610,DPUP,Don't Poop Your Pants
611,DQMOT,Don't Quote Me On This
612,DQYDJ,Don't Quit Your Day Job
613,DRB,Dirty Rat Bastard
614,DRCOWOTO,Don't Really Care One Way Or The Other
615,DRIB,Don't Read If Busy
616,DSL,Digital Subscriber Line -or- Dick Sucking Lips
617,DSTR8,Damn Straight
618,DTC,Deep Throaty Chuckle
619,DTF,Down To F***
620,DTK,Down To Kill
621,DTR,Define The Relationship
622,DTRT,Do The Right Thing
623,DUI,Driving Under the Influence
624,DUM,Do You Masturbate?
625,DUNA,Don't Use No Acronyms
626,dunno,i don't know
627,DUR,Do You Remember
628,DURS,Damn You Are Sexy
629,DUSL,Do You Scream Loud?
630,DUST,Did You See That?
631,DW,Don't Worry
632,DW2H,Don't Work Too Hard
633,DWB,Don't Write Back
634,DWBH,Don't Worry Be Happy
635,DWEET,Drunk tWEET
636,DWH,During Work Hours
637,DWI,Driving While Intoxicated
638,DWPKOTL,Deep Wet Passionate Kiss On The Lips
639,DWS,Driving While Stupid
640,DWWWI,Surfing the World Wide Web while intoxicated
641,DWYM,Does What You Mean
642,DYAC,Damn You Auto Correct
643,DYD,Don't You Dare
644,DYFM,Dude You Fascinate Me
645,DYHAB,Do You Have A Boyfriend?
646,DYHAG,Do You Have A Girlfriend
647,DYJHIW,Don't You Just Hate It When...
648,DYLI,Do You Love It?
649,DYOFDW,Do Your Own F***ing Dirty Work
650,DYSTSOTT,Did You See The Size Of That Thing
651,E123,"Easy as One, Two, Three"
652,E2HO,Each to His/Her Own
653,EABOS,Eat A Bag Of Sh**
654,EADD,Entrepreneurial Attention Deficit Disorder
655,EAK,Eating at Keyboard
656,EAPFS,Everything About Pittsburgh F***ing Sucks
657,ED,Erectile Dysfunction
658,EDM,Electronic Document Management -or- Electronic Dance Movement
659,EE,Electronic Emission
660,EE or EEs,Employee -or- Employees
661,effin,F***ing
662,EFT,Electronic Funds Transfer
663,EG,Evil Grin
664,EGOT,"Emmy, Grammy, Oscar, Tony"
665,EHE,Emos Hate Everyone
666,EHT,E-Hashtag on Twitter
667,EIP,Eggo Is Preggo
668,EL,Evil Laugh
669,ELOL,Evil Laugh Out Loud
670,EM,Excuse Me
671,EMA,E-Mail Address
672,EMBM,Early Morning Business Meeting
673,EMDR,Eye Movement Desensitization &amp; Reprocessing
674,EMEA,"Europe, the Middle East, and Africa"
675,EMFBI,Excuse Me For Butting In
676,EMFJI,Excuse Me For Jumping In
677,EMI,Excuse My Ignorance
678,EML,Email Me Later
679,EMP,Eat My Pussy -or- ElectroMagnetic Pulse
680,EMRTW,Evil Monkey's Rule The World
681,EMSG,E-Mail Message
682,EOD,End Of Day -or- End Of Discussion
683,EOL,End Of Life
684,EOM,End Of Message
685,EOT,End Of Thread/Text/Transmission
686,EOW,End Of Watch
687,ESAD,Eat Sh** And Die
688,ESADYFA,Eat Sh** And Die You F***ing Asshole
689,ESEMED,Every Second Every Minute Every Day
690,ESFOAD,Eat Sh** F***Off And Die
691,ESG,"Environmental, Social, Governance"
692,ESH,"Experience, Strength, and Hope"
693,ESMF,Eat Sh** Mother F***er
694,ESO,Equipment Smarter than Operator
695,ETA,Estimated Time of Arrival -or- Edited To Add
696,ETLA,"ETLA Extended Three-Letter Acronym (that is, an FLA)"
697,ETX,End of TeXt
698,every1,everyone
699,EVRE1,Every One
700,EWI,E-mailing While Intoxicated
701,EYD,Enjoy Your Day
702,EYFD,Enjoy Your F***ing Day
703,EZ,Easy
704,F,Friend
705,F/U,it means to Follow Up
706,F2F,"Face-to-Face, a.k.a. face time"
707,F2Fmail,Face-to-Face mail
708,F2T,Free To Talk
709,F4F,Follow for Follow
710,FAANGs,a.k.a. the FAANGs
711,FAB,Features Attributes Benefits
712,FAE,Finally An Explanation
713,FAF,Find A Friend
714,FAH,F***ing A Hot
715,FAITH,"Forsaking All, I Trust In Him"
716,FAP,F***ing A Pissed
717,FAQL,Frequently Asked Questions List
718,FASB,Fast Ass Son Bitchii
719,FATC,Fork A Twitter Client
720,FATM,Foaming At The Mouth
721,FAV,Favorite
722,FAWC,For Anyone Who Cares
723,FAWOMFT,Frequently Argued Waste Of My F***ing Time
724,FAY,F*** All Y'all
725,FB,F*** Buddy -or- FaceBook -or-Follow Back
726,FBI,F***ing Brilliant Idea -or- Female Body Inspector
727,FBKS,Failure Between Keyboard and Seat
728,FBOCD,Facebook Obsessive Compulsive Disorder
729,FCFS,"First Come, First Served"
730,FCOL,For Crying Out Loud
731,FCS,First Customer Ship
732,FDFF,Falling Down F***ing Funny
733,FDGB,Fall Down Go Boom
734,FDU,Fresher Than You
735,FE,Fatal Error
736,FEAR,"Forget Everything And Run, Face Everything And Recover, False Evidence Appearing Real"
737,FF,Friends Forever
738,FF&amp;PN,Fresh Fields and Pastures New
739,FFA,Free For All
740,FFS,For F*** Sake
741,FFT,Food For Thought
742,FGDAI,Fuhgedaboudit -or- Forget About It
743,FGF,Fine Guy Friday
744,FHO,Friends Hanging Out
745,FIF,F*** I'm Funny
746,FIFO,"First In, First Out"
747,FIGJAM,F*** I'm Good Just Ask Me
748,FIGMO,F*** It Got My Orders
749,FIGS,"French, Italian, German, Spanish"
750,FIIK,F*** If I Know
751,FIL,Father-In-Law
752,FILF,Father I'd Like to F***
753,FILO,First In Last Out
754,FILTH,"Failed In London, Try Hong Kong"
755,FINE,"F***ed up, Insecure, Neurotic, Emotional -or- F*** It Never Ends"
756,finsta,fake Instagram
757,FIRE,"Financial Independence, Retire Early"
758,FISH,"First in, Still Here"
759,FITB,Fill In The Blanks
760,FITYMI,Fake It Til You Make It
761,FKM,F*** 'Em
762,FLA,Four Letter Acronym
763,FLOTUS,First Lady Of The United States
764,FLUID,"F***ing Look it Up, I Did"
765,FML,F*** My Life
766,FMLTWIA,F*** Me Like The Whore I Am
767,FMOT,Follow Me On Twitter
768,FMTYEWTK,Far More Than You Ever Wanted To Know
769,FMUTA,F*** Me Up The Ass
770,FNG,F***ing New Guy
771,FO,F*** Off
772,FOAD,F*** Off And Die
773,FOAF,Friend Of A Friend
774,FOAG,F*** Off And Google
775,fob,"frequency operated button a.k.a. key fob, FOB"
776,FOC,Free of Charge
777,FOE,Family Over Everything
778,FOFL,Falling on Floor Laughing
779,FOGC,Fear Of Getting Caught
780,FOH,F*** Outta Here
781,FOL,Fond of Leather
782,FOLO,Fear Of Losing Out -or- Fake pOLO shirt -or- Families Of Loved Ones
783,FOMC,Fell Off My Chair
784,FOMCL,Falling Off My Chair Laughing
785,FOMO,Fear Of Missing Out
786,FOMOF,Fear Of Missing Out on Football
787,FOOT,F*** Off Over There -or- go away
788,FORD,"Found On Road Dead, Fixed Or Repaired Daily, F***ed Over Rebuilt Dodge"
789,FOS,Full Of Sh**
790,FOUO,For Official Use Only
791,FPO,For Placement Only
792,FRED,F***ing Ridiculous Electronic Device
793,FROG,Fully Rely On God
794,FRZN,it means freezing
795,FS,For Sale
796,FSBO,For Sale By Owner
797,FSR,For Some Reason
798,FSTOW,Feeling Some Type Of Way
799,FSU,F*** Sh** Up
800,FTAD,Facebook Twitter Addict Disorder
801,FTASB,Faster Than A Speeding Bullet
802,FTBL,Football
803,FTBOMH,From The Bottom Of My Heart
804,FTC,Failure To Communicate -or- First To Comment
805,FTE,Full Time Employee
806,FTF,"F*** That's Funny, Face To Face, First To Find"
807,FTFOI,For The Fun Of It -or- For The F*** Of It
808,FTL,Faster Than Light
809,FTLOG,For The Love Of God
810,FTN,F*** That Noise
811,FTR,For The Record
812,FTRF,F*** That's Really Funny
813,FTTB,For The Time Being
814,FTW,For The Win -or- F*** The World
815,FU2,F*** You Too
816,FUB,Fat Ugly Bastard
817,FUBAR,F***ed Up Beyond All Recognition (or Repair)
818,FUBARBUNDY,F***ked Up Beyond All Recovery But Unfortunately Not Dead Yet
819,FUBB,F***ed Up Beyond Belief
820,FUBYOYO,F*** You Buddy You're On Your Own
821,FUD,"Fear, Uncertainty, and Disinformation"
822,FUJIMO,F*** You Jack I'm Movin' On
823,FUM,F***ed Up Mess
824,FUMF,Fat Ugly Mother F***er
825,FUPA,Fat Upper Pussy Area
826,FURTB,Filled Up and Ready To Burst
827,FUW,F*** You World -or- F*** You Weirdo
828,FWB,Friends With Benefits
829,FWD,Forward
830,FWIW,For What It's Worth -or- Forgot Where I Was
831,FWOT,F***ing Waste Of Time
832,FYA,For Your Amusement
833,FYC,For Your Consideration
834,FYE,For Your Edification
835,FYEO,For Your Eyes Only
836,FYF,From Your Friend
837,FYI,For Your Information
838,FYIFV,F*** You I'm Fully Vested
839,FYLTGE,From Your Lips To Gods Ears
840,FYM,For Your Misinformation
841,FYSBIGTBABN,Fasten Your Seat Belts It's Going To Be A Bumpy Night
842,G,Guess -or- Grin -or- Giggle -or- Goodbye
843,G1,Good One
844,G2G,Got to Go
845,G2GLYS,Got To Go Love Ya So
846,G4I,Go For It
847,G4N,Good For Nothing
848,G9,Genius
849,g98t,good night
850,GA,Go Ahead -or- Good Afternoon
851,GAB,Getting A Beer
852,GAFA,"Google, Apple, Facebook, Amazon"
853,GAFL,Get A F***ing Life
854,GAFYK,Get Away From Your Keyboard
855,GAGFI,Gives A Gay First Impression
856,GAHOY,Get A Hold Of Yourself
857,GAL,Get A Life
858,GALGAL,Give A Little Get A Little
859,GALHER,Get A Load of Her
860,GALHIM,Get A Load of Him
861,GANB,Getting Another Beer
862,GAP,Got A Pic? -or- Gay Ass People
863,GAS,Got A Second?
864,gawd,God
865,GB,Good Bridge
866,GBG,Great Big Grin
867,GBH,Great Big Hug
868,GBP,Gay Boy Problems
869,GBTW,Get Back To Work
870,GC,Good Crib
871,GD,God Damn -or- Gosh Darn
872,GD&amp;R,"Grinning, Ducking and Running"
873,GD&amp;RF,"Grinning, Ducking and Running Fast"
874,GDI,God Damn It -or- God Damn Independent
875,GDPR,General Data Protection Regulation
876,GDW,"Grin, Duck and Wave"
877,GF,Girlfriend
878,GFE,Good Faith Estimate -or- GirlFriend Experience
879,GFF,Go F***ing Figure
880,GFI,Go For It
881,GFN,Gone For Now
882,GFON,Good For One Night
883,GFR,Grim File Reaper
884,GFTD,Gone For The Day
885,GFTU,Good For The Universe
886,GFY,Good For You -or- Go F*** Yourself -or- Go Find Yourself
887,GFYMF,Go F*** Yourself Mother F***er
888,GG,Good Game -or- Gotta Go -or- Giggling
889,GGA,Good Game All
890,GGGG,"God, God, God, God"
891,GGN,Gotta Go Now
892,GGOH,Gotta Get Out of Here
893,GGP,Gotta Go Pee
894,GGPBL,"Gotta Go, Pacemaker Battery Low"
895,GGY,Go Google Yourself
896,GHM,God Help Me
897,GI,Google It
898,GIC,Gift In Crib
899,GIDK,Gee I Don't Know
900,GIGATT,God Is Good All The Time
901,GIGO,"Garbage In, Garbage Out"
902,GILF,Grandmother I'd Like to F***
903,GIST,Great Ideas for Starting Things
904,GIT,"Got It, Thanks"
905,GIWIST,"Gee, I Wish I'd Said That"
906,GJ,Good Job
907,GJP,Good Job Partner
908,GL,Good Luck -or- Get Lost
909,GLA,Good Luck All
910,GLAWD,Good Luck And Well Done
911,GLB,Good Looking Boy
912,GLBT,"Gay, Lesbian, Bisexual, Transgender"
913,GLG,Good Looking Girl
914,GLGH,Good Luck and Good Hunting
915,GLWS,Good Luck With Sale
916,GLYASDI,God Loves You And So Do I
917,GM,Good Morning -or- Good Move
918,GMAB,Give Me A Break
919,GMAFB,Give Me A F***ing Break
920,GMH,Gives Me Hope
921,GMILY,Good Morning I Love You
922,GMTA,Great Minds Think Alike
923,GMTA ASDO,"Great Minds Think Alike, And So Do Ours"
924,GMTFT,Great Minds Think For Themselves
925,GN,Good Night
926,gn8,good night
927,GNBLFY,Got Nothing But Love For You
928,GNOC,Get Naked On Cam
929,GNS,GangNam Style
930,GNSD,Good Night Sweet Dreams
931,GOAT,Greatest Of All Time
932,GOB,Game On B*tcheeez
933,GOI,Get Over It
934,GOK,God Only Knows
935,GOL,Giggling Out Loud
936,GOLF,Grateful Of Lovely Family -or- Friends
937,GOMB,Get Off My Back
938,GOOD job,Get Out Of Debt job
939,GORK,God Only Really Knows
940,GOS,Gay Or Straight
941,GOSPEL,God's Only Son Provides Eternal Life
942,GOTDPWYD,Get Off The Damn Phone While You're Driving
943,GOTP,Get/Getting On The Piss
944,GOWI,Get On With It
945,GOYHH,Get Off Your High Horse
946,GPOY,Gratuitous Picture Of Yourself
947,GQMF,Gentleman's Quarterly Mother F***er
948,GR&amp;D,Grinning Running &amp; Ducking
949,GR2BR,Good Riddance To Bad Rubbish
950,GR8,Great
951,GRACE,God's Riches At Christ's Expense
952,GRAS,Generally Recognized As Safe
953,gratz,Congratulations
954,GROBR,Good Riddance Of Bad Rubbish
955,grrlz,"girls, also seen as grrl"
956,GRRR,Growling
957,GRX,Gracias
958,GSC,Gimme Some Credit
959,GSOAS,Go Sit On A Snake
960,GSOH,Good Sense Of Humor
961,GSTG,Get Set To Go
962,GSW,Gun Shot Wound
963,GSYJDWURMNKH,"Good Seeing You, Just Don't Wear Your Monkey Hat"
964,GT,Good Try
965,GTASC,Going To A Strip Club
966,GTFO,Get The F*** Out
967,GTFOOH,Get The F*** Out Of Here
968,GTG,Got To Go
969,GTGB,Got To Go Bye
970,GTGP,Got To Go Pee
971,GTH,Go To Hell
972,GTK,Good To Know
973,GTL,"Gym, Tan, Laundry"
974,GTM,Giggle To Myself
975,GTP,Game Transfer Phenomenon
976,GTRM,Going To Read Mail
977,GTS,Google That Sh**
978,GTSY,Glad To See You
979,GUD,Geographically UnDesirable
980,guvment,"government, also seen as guvmint, gumint"
981,GWI,Get With It
982,GWOT,Glorified Waste Of Time
983,GWS,Get Well Soon
984,GYHOOYA,Get Your Head Out Of Your Ass
985,GYLABTW,Get Your Lazy Ass Back To Work
986,GYPO,Get Your Pants Off
987,H&amp;K,Hugs and Kisses
988,h/o,Hold On
989,h/p,Hold Please
990,H2CUS,Hope To See You Soon
991,H2S,Here To Stay
992,H4U,Hot For You
993,H4XX0R,Hacker -or- To Be Hacked
994,H9,Husband in room
995,HADVD,Have Advised
996,hag1,have a good one
997,HAGD,Have a Great Day
998,HAGN,Have A Good Night
999,HAGO,Have A Good One
1000,hahaha,it means laughing
1001,HAK,Hugs And Kisses
1002,HAND,Have a Nice Day
1003,HAR,Hit And Run
1004,HAWTLW,Hello And Welcome To Last Week
1005,HAY,How Are You?
1006,HB,Hurry Back
1007,HBASTD,Hitting Bottom And Starting To Dig
1008,HBB,Hip Beyond Belief
1009,HBIB,Hot But Inappropriate Boy
1010,HBIC,Head Bitch In Charge
1011,HBO,Helping a Brother Out
1012,HBTU,Happy Birthday To You
1013,HBU,How Bout You?
1014,HCC,Holy Computer Crap
1015,HD,Hold
1016,HDGFS,How Does Get F***ed Sound?
1017,HDM,Honest Direct Message
1018,HEA,Happily Ever After
1019,HENRY,"High Earner, Not Rich Yet"
1020,HF,Hello Friend -or- Have Fun -or- Have Faith
1021,HHFO,Hell Has Frozen Over
1022,HHH,Hip Hip Hooray
1023,HHIS,Hanging Head In Shame
1024,HHO1/2K,"Ha Ha, Only Half Kidding"
1025,HHOJ,"Ha Ha, Only Joking"
1026,HHOK,"Ha Ha, Only Kidding"
1027,HHOS,"Ha Ha, Only Serious"
1028,HHTYAY,Happy Holidays To You And Yours
1029,Hi 5,High Five
1030,HIG,How's It Going?
1031,HIH,Hope It Helps
1032,HIOOC,"Help, I'm Out Of Coffee"
1033,HIPPO,Higher Income People's Personal Opinions
1034,HITAKS,Hang In There And Keep Smiling
1035,HMFIC,Head MOFO In Charge
1036,HMFWICC,Head MoFo What In Complete Charge
1037,HML,Hit My Line
1038,HMOT,Hit Me On Twitter
1039,HMU,Hit Me Up -or- Hook Me Up
1040,HNTI,How Nice That/This Is
1041,HNTW,How Nice That Was
1042,HNY,Happy New Year
1043,HO,Hang On -or- Hold On -or- Head Office
1044,HODL,Hold On for Dear Life
1045,HOHA,HOllywood HAcker
1046,HOIC,"Hold On, I'm Coming"
1047,hologram,"a.k.a. virtual demonstration, holographic technology"
1048,HOT PIC,"Hot Picture, as in sexy or naked"
1049,howru,How Are You
1050,HOYEW,Hanging On Your Every Word
1051,HP,Higher Power
1052,HPOA,Hot Piece Of Ass
1053,HPPO,Highest Paid Person in Office
1054,HR,Human Resources -or- Human Reaction
1055,HRCN,it means hurricane
1056,HSAY,How Single Are You?
1057,HSIAB,Haven't Seen It All Before
1058,HSIK,How Should I Know
1059,HT,Hi There -or- Hat Tip -or- Heard Through -or- Hashtag on Twitter
1060,HTB,Hang The Bastards
1061,HTH,Hope This (or That) Helps
1062,HTNOTH,Hit The Nail On The Head
1063,HU,Hook Up
1064,HUA,"Heads Up Ace -or- Head Up Ass -or- Heard, Understood, Acknowledged"
1065,HUD,How You Doing?
1066,Huggle,it means to Hug and snuggle
1067,HUGZ,Hugs
1068,huh,what
1069,HUYA,Head Up Your Ass
1070,HV,Have
1071,Hwevr,However
1072,HWGA,Here We Go Again
1073,hx,it means history -or- hospital
1074,I 1-D-R,I Wonder
1075,I &lt;3 I,I Love It
1076,I &lt;3 U,I Love You
1077,i h8 it,i hate it
1078,I&amp;I,Intercourse &amp; Inebriation
1079,I-D-L,Ideal
1080,IAC,In Any Case -or- I Am Confused -or- If Anyone Cares
1081,IAE,In Any Event
1082,IAGTKOM,I Ain't Got That Kind Of Money
1083,IAITS,It's All In The Subject
1084,IANAC,I Am Not A Crook
1085,IANADBIPOOTV,I Am Not A Doctor But I Play One On TV
1086,IANAE,I Am Not An Expert
1087,IANAL,I Am Not A Lawyer
1088,IANNNGC,I Am Not Nurturing the Next Generation of Casualties
1089,IASAP4U,I Always Say A Prayer For You
1090,IAT,I Am Tired
1091,IAW,I Agree With -or- In Accordance With
1092,IAYM,I Am Your Master
1093,IBGYBG,"I'll Be Gone, You'll Be Gone"
1094,IBIWISI,I'll Believe It When I See It
1095,IBK,Idiot Behind Keyboard
1096,IBRB,I'll Be Right Back
1097,IBT,In Between Technology
1098,IBTC,Itty Bitty Titty Committee
1099,IBTD,I Beg To Differ
1100,IBTL,In Before The Lock
1101,IC,Independant Contractor -or- In Character -or- I See
1102,ICBW,I Could Be Wrong
1103,ICBWICBM,"It Could Be Worse, It Could Be Me"
1104,ICCL,I Couldn't Care Less
1105,ICIHICPCL,I Can't Imagine How I Could Possibly Care Less
1106,ICO-911,In Case Of Emergency
1107,ICW,I Can't Wait
1108,ICWUM,I See What You Mean
1109,ICYC,In Case You're Curious -or- In Case You Care
1110,ICYMI,In Case You Missed It
1111,ID,IDentification
1112,ID10T,Idiot
1113,IDBI,I Don't Believe It
1114,IDC,I Don't Care
1115,IDEK,I Don't Even Know
1116,IDEWTK,I Don't Even Want To Know
1117,IDGAD,I Don't Give A Damn
1118,IDGAF,I Don't Give A F***
1119,IDGARA,I Don't Give A Rats Ass
1120,IDGHP,I Don't Get Hashtag Phrases
1121,IDGI,I Don't Get It -or- I Don't Get Involved
1122,IDIFTL,I Did It For The Lulz
1123,IDK,I Don't Know
1124,"IDK, my BFF Jill","I Don't Know, my Best Friend Forever Jill"
1125,IDKABTT,I Don't Know About That
1126,IDKWTD,I Don't Know What To Do
1127,IDKY,I Don't Know You
1128,IDM,It Doesn't Matter
1129,IDNKT,I Did Not Know That
1130,IDRK,I Don't Really Know
1131,IDST,I Didn't Say That
1132,IDTA,I Did That Already
1133,IDTBBF,I Deserve To Be Blown First
1134,IDTS,I Don't Think So
1135,IDWTUB,I Don't Want To Upset You But
1136,IEF,It's Esther's Fault
1137,IF/IB,In the Front -or- In the Back
1138,IFAB,I Found A Bug
1139,IFH8TABX,I F***ing Hate This Acronym Bollocks
1140,IFU,I F***ed Up
1141,Igers,Instagrammers
1142,IGGP,I Gotta Go Pee
1143,IGTP,I Get The Point
1144,IGWS,It Goes Without Saying
1145,IGWST,It Goes Without Saying That
1146,IGYHTBT,I Guess You Had To Be There
1147,IHA,I Hate Acronyms
1148,IHAIM,I Have Another Instant Message
1149,IHNC,I Have No Clue
1150,IHNO,I Have No Opinion
1151,IHR,Involuntary Hormonal Reaction
1152,IHTFP,I Have Truly Found Paradise -or- I Hate This F***ing Place
1153,IHU,I Hear You
1154,IHY,I Heart You -or- I Hate You
1155,IIABDFI,"If It Ain't Broke, Don't Fix It"
1156,IIIO,"Intel Inside, Idiot Outside"
1157,IIMAD,If It Makes Any Difference
1158,IINM,If I'm Not Mistaken
1159,IIR,If I Remember -or- If I Recall
1160,IIRC,If I Remember Correctly -or- If I Recall Correctly
1161,IIT,Is It Tight?
1162,IITLYTO,If It's Too Loud You're Too Old
1163,IITM,It's In The Mail
1164,IITYWIMWYBMAD,If I Tell You What It Means Will You Buy Me A Drink
1165,IITYWYBMAD,If I Tell You Will You Buy Me A Drink
1166,IIWII,It Is What It Is
1167,IIWM,If It Were Me
1168,IJ,Inside Joke
1169,IJPMP,I Just Pissed My Pants
1170,IJS,I'm Just Saying...
1171,IJWTK,I Just Want To Know
1172,IJWTS,I Just Want To Say
1173,IKALOPLT,I Know A Lot Of People Like That
1174,IKR,"I Know, Right?"
1175,IKWYM,I Know What You Mean
1176,IKYABWAI,I Know You Are But What Am I?
1177,ILA,I Love Acronyms
1178,ILBCNU,I'll Be Seeing You
1179,ILBCNUL8r,I'll Be Seeing You Later
1180,ILF/MD,I Love Female/Male Dominance
1181,ILI,I Love It
1182,ILICISCOMK,"I Laughed, I Cried, I Spat/Spilt Coffee/Crumbs/Coke On My Keyboard"
1183,ILMJ,I Love My Job
1184,ILU,I Love You
1185,ILUAAF,I Love You As A Friend
1186,ILY,I Love You
1187,ILY2,I Like/Love You Too
1188,IM,Instant Messaging -or- Immediate Message
1189,IM2BZ2P,I aM Too Busy To (even) Pee
1190,IMA,I Might Add
1191,IMAO,In My Arrogant Opinion
1192,IMCO,In My Considered Opinion
1193,IME,In My Experience
1194,IMEZRU,"I Am Easy, Are You?"
1195,IMF,In My Feelings
1196,IMFAO,In My F***ing Arrogant Opinion
1197,imfkd^,I am f***ed up
1198,IMGC,I Might Get Caught
1199,IMHEIUO,In My High Exalted Informed Unassailable Opinion
1200,IMHIF,I Move How I Feel
1201,IMHO,In My Humble Opinion
1202,IMI,I Mean It
1203,IMJS,I'M Just Saying
1204,IMML,I Make Myself Laugh
1205,IMNERHO,In My Never Even Remotely Humble Opinion
1206,IMNSHO,In My Not So Humble Opinion
1207,IMO,In My Opinion
1208,IMOO,In My Own Opinion
1209,IMOWHA,I Made Out With Him/Her Anyway
1210,IMPOV,In My Point Of View
1211,IMR,I Mean Really
1212,IMRU,"I Am, Are You?"
1213,IMS,I Am Sorry
1214,INBD,It's No Big Deal
1215,INCH,I’m Never Coming Home
1216,INCYDK,In Case You Didn't Know
1217,INMP,It's Not My Problem
1218,INNW,If Not Now When?
1219,INPO,In No Particular Order
1220,INUCOSM,It's No Use Crying Over Spilt Milk
1221,IOH,I'm Outta Here
1222,ION,Index Of Names
1223,IONO,I Don't Know
1224,IOT,In Order To
1225,IOTTCO,Intuitively Obvious To The Casual Observer
1226,IOU,I Owe You
1227,IOUD,"Inside, Outside, Upside Down"
1228,IOW,In Other Words
1229,IPN,I'm Posting Naked
1230,IRL,In Real Life
1231,IRNCOT,I'd Rather Not Comment On That
1232,ISAGN,I See A Great Need
1233,ISH,Insert Sarcasm Here
1234,ISO,In Search Of
1235,ISS,I Said So -or- I'm So Sure
1236,ISSOYS,I'm So Sick Of Your Stuff -or- S*** -or- Stories
1237,ISSYGTI,I'm So Sure You Get The Idea
1238,ISTM,It Seems To Me
1239,ISTR,I Seem To Remember
1240,ISWC,If Stupid Were a Crime
1241,ISWYM,I See What You Mean
1242,ISYALS,I'll Send You A Letter Soon
1243,ITA,I Totally Agree
1244,ITFA,In The Final Analysis
1245,ITGFT,I Thank God For This
1246,ITIGBS,I Think I'm Going To Be Sick
1247,ITM,In The Money
1248,ITMA,It's That Man Again
1249,ITMFA,Impeach The Mother F***er Already
1250,ITS,Intense Text Sex
1251,ITS A D8,It's A Date
1252,ITSFWI,If The Shoe Fits Wear It
1253,IUM,If You Must
1254,IURI,If You Are Interested
1255,IWALU,I Will Always Love You
1256,IWBAPTAKYAIYSTA,I Will Buy A Plane Ticket And Kick Your Ass If You Say That Again
1257,IWBNI,It Would Be Nice If
1258,IWFU,I Wanna F*** You
1259,IWFY,I Will Follow You
1260,IWIWU,I Wish I Was You
1261,IWSN,I Want Sex Now
1262,IWTKCR,I'm What The Kids Call Relatable
1263,IYAM,If You Ask Me
1264,IYAOYAS,If You Ain't Ordinance You Ain't Sh**
1265,IYCSSNASDSAAA,If You Can’t Say Something Nice About Someone Don’t Say Anything At All
1266,IYD,In Your Dreams
1267,IYDMMA,If You Don't Mind My Asking
1268,IYFD,In Your F***ing Dreams
1269,IYFEG,Insert Your Favorite Ethnic Group
1270,IYKWIM,If You Know What I Mean
1271,IYKWIMAITYD,If You Know What I Mean And I Think You Do
1272,IYNAEGBTM,If You Need Anything Else Get Back To Me
1273,IYO,In Your Opinion
1274,IYQ,I Like You
1275,IYSS,If You Say So
1276,IYSWIM,If You See What I Mean
1277,J/C,Just Checking
1278,J/J,Just Joking
1279,J/K,Just Kidding
1280,J/O,Jerking Off
1281,J/P,Just Playing
1282,J/W,Just Wondering
1283,J2LYK,Just To Let You Know
1284,J4F,Just For Fun
1285,J4G,Just For Grins
1286,J4T or JFT,Just For Today
1287,J5M,Just Five Minutes
1288,JAD,Just Another Day
1289,JAFO,Just Another F***ing Onlooker
1290,JAFS,Just A F***ing Salesman
1291,JAM,Just A Minute
1292,JAS,Just A Second
1293,JATA,Just Another Twitter App
1294,JC,Just Curious -or- Just Chilling -or- Jesus Christ
1295,JDI,Just Do It
1296,JDMJ,Just Doing My Job
1297,Jealz,Jealous
1298,JEOMK,Just Ejaculated On My Keyboard
1299,JFC,Jesus F***ing Christ
1300,JFH,Just F*** Her
1301,JFI,Just For Information
1302,JGH,Just Got Home
1303,JGMB,Just Google Me B*tch
1304,JHO,Just Helping Out
1305,JHOM,"Just Helping out My (Mafia, Mob, Neighbors, etc.)"
1306,JHOMF,Just Helping Out My Friend(s)
1307,JIC,Just In Case
1308,JK,Just Kidding
1309,JLY,Jesus Loves You
1310,JM2C,Just My 2 Cents
1311,JMDTP30,Join Me Down The Pub (in 30 mins)
1312,JMO,Just My Opinion
1313,JOML,Jesus On the Main Line
1314,JOMO,Joy Of Missing Out
1315,JOOTT,Just One Of Those Things
1316,JOY,"Jesus first, Others second, Yourself last"
1317,JP,Just Playing
1318,JS,Just Saying
1319,JSO,Job Shaped Object
1320,JSU,Just Shut Up
1321,JSYK,Just So You Know
1322,JT,Just Teasing
1323,JTLYK,Just To Let You Know
1324,JTOL,Just Thinking Out Loud
1325,JTOU,Just Thinking Of You
1326,JUADLAM,Jumping Up And Down Like A Monkey
1327,JW,Just Wondering
1328,K,OK
1329,KAB,Kick Ass Bitch
1330,KB,Kick Butt
1331,KBD,Keyboard
1332,KC,Keep Cool
1333,KCCO,Keep Calm &amp; Carry On
1334,kewl,it means cool
1335,KFB,Kindly Follow Back
1336,KFY -or- K4Y,Kiss For You
1337,KHYF,Know How You Feel
1338,KIA,Killed In Action
1339,KIBO,"Knowledge In, Bullsh** Out"
1340,KIPPERS,Kids In Parents' Pockets Eroding Retirement Savings
1341,KIR,Keep It Real
1342,KISS,Keep It Simple Stupid
1343,KIT,Keep In Touch
1344,kitty,it means pussy
1345,KITY,Keep It To Yourself
1346,KK,Kiss Kiss -or- OK
1347,KKK,"it means ""over"" as in, waiting for your reply"
1348,KMA,Kiss My Ass
1349,KMBA,Kiss My Black Ass
1350,KMFHA,Kiss My Fat Hairy Ass
1351,KMIM,Keep Me In Mind
1352,KMP,Keep Me Posted
1353,KMRIA,Kiss My Royal Irish Arse
1354,KMS,Kill My Self
1355,KMSLA,Kiss My Shiny Little Ass
1356,KMUF,Kiss Me You Fool
1357,KMWA,Kiss My White Ass
1358,KO,Knocked Out
1359,KOK,Knock
1360,KOTC,Kiss On The Cheek
1361,KOTL,Kiss On The Lips
1362,KPC,Keeping Parents Clueless
1363,KS,Kill Stealer
1364,kudt,Dutch for f***ed up life
1365,KUTGW,Keep Up The Good Work
1366,KWIM,Know What I Mean?
1367,KWSTA,Kiss With Serious Tongue Action
1368,KYBC,Keep Your Bum Clean
1369,KYFC,Keep Your Fingers Crossed
1370,KYNC,Keep Your Nose Clean
1371,KYPO,Keep Your Pants On
1372,KYR,Know Your Rank
1373,KYS,Kill YourSelf
1374,KYSOTI,Keep Your Stick On The Ice
1375,L,Laugh
1376,L&amp;R,Love and Respect
1377,L/M,Left Message
1378,L8TR,Later
1379,L?^,Let's hook up
1380,L@U,Laughing At You -or- Laughing About You
1381,LA,Laughing Aloud
1382,LABATYD,Life's A Bitch And Then You Die
1383,LAFW,Listening (but) Away From Window
1384,LAGNAF,Lets All Get Naked And F***
1385,LAGO,Life Always Goes On
1386,LAOJ,Laughing At Own Joke
1387,LAQ,Lame Ass Quote
1388,LB,Like Back
1389,LB?W/C,Like Bondage? Whips or Chains
1390,LBH,Let's Be Honest
1391,LBR and LGR,Little Boy's Room and Little Girl's Room
1392,LBS,Laughing But Serious
1393,LBUG or LBIG,Laughing Because You're Gay -or- Laughing Because I'm Gay
1394,LD,Long Distance -or- Later Dude
1395,LDIMEDILLIGAF,"Look Deeply Into My Eyes, Does It Look Like I Give A F***"
1396,LDR,Long Distance Relationship
1397,LDTTWA,Let's Do The Time Warp Again
1398,LESM,Law Enforcement Social Media
1399,LF,Let's F***
1400,LFL,Lady oF Leisure -or- Loner For Life
1401,LFTI,Looking Forward To It
1402,LFU,"Life""s F***ed Up"
1403,LG,Life's Good -or- Long Gone
1404,LGBT,"Lesbian, Gay, Bisexual, Transgender"
1405,LGBTQ+,"Lesbian, Gay, Bisexual, Transgender, Queer +"
1406,LGGBDTTTIQQAAPP,"<small>Lesbian, Gay, Genderqueer, Bisexual, Demisexual, Transgender, Transsexual, Twospirit, Intersex, Queer, Questioning, Asexual, Allies, Pansexual, Polyamorous</small>"
1407,LGMAS,Lord Give Me A Sign
1408,LGTM,Looks Good To Me
1409,LGY,Little Girl Yeah
1410,LH,Laughing Hysterically
1411,LH6,Let’s Have Sex
1412,LHK,Love Hugs Kisses
1413,LHM,Lord Have Mercy
1414,LHO,Laughing Head Off
1415,LHOS,Lets Have Online Sex
1416,LHSO,Let's Have Sex Online
1417,LHU,Let's Hook Up
1418,LIB,Lying In Bed
1419,LIFO,"Last In, First Out"
1420,LIG,Let It Go -or- Life Is Good
1421,LINS,"Laugh, I Nearly Shat"
1422,LIR,Let It Rest
1423,LIS,Laughing In Silence
1424,LJBF,Let's Just Be Friends
1425,LKITR,Little Kid In The Room
1426,LL,Livin' Large
1427,LLAP,Live Long and Prosper
1428,LLOM,Like Leno on Meth
1429,LLT,Looks Like Trouble
1430,LLTA,Lots and Lots of Thunderous Applause
1431,LLY,Licking Love You
1432,LM46,Let's Meet For Sex
1433,LM4a~##zzzz&gt;,Let's Meet For A Joint
1434,LMAO,Laughing My Ass Off
1435,LMBAO,Laughing My Black Ass Off
1436,LMBPO,Laughing My Booty Pop Off
1437,LMFAO,Laughing My F***ing Ass Off
1438,LMFO,Let Me Find Out
1439,LMHO,Laughing My Head Off
1440,LMIRL,Let's Meet In Real Life
1441,LMK,Let Me Know
1442,LMKHTWOFY,Let Me Know How That Works Out For You
1443,LMOA,Left a Message On your Answering machine
1444,LMP,Lick My Pussy
1445,LMR,Like My Recent
1446,LMS,Like My Status -or- Learning Management System - or Lick My Sack
1447,LMSO,Laughing My Socks Off
1448,LMTA,Like Minds Think Alike
1449,LMTC,Left a Message To Contact
1450,LMTCB,Left Message To Call Back
1451,lo,it means hello
1452,LOAL,Life Of A Local
1453,LOB,Lying On Bed
1454,LOGO,Language Of Graphics Oriented
1455,LOK,Lots Of Kisses
1456,LOL,Laughing Out Loud -or- Lots Of Love -or- Living On Lipitor
1457,LOL WUSS,Laugh Out Loud With Unintentional Snort Sound
1458,LOLA,Laugh Out Loud Again
1459,LOLOLOL,Laugh Out Loud Out Loud Out Loud
1460,LOLPMP,Laugh Out Loud Peed My Pants
1461,LOLROTF&amp;ICGU,Laughing Out Loud Rolling On The Floor &amp; I Can't Get Up
1462,LOLZ,Lots Of Laughs
1463,LOMBARD,Lots Of Money But A Right Dick
1464,LOML,Love Of My Life
1465,LONH,"Lights On, Nobody Home"
1466,LOOL,Laughing Outrageously Out Loud
1467,LOOMM,Laughing Out Of My Mind
1468,LOPSOD,"Long On Promises, Short On Delivery"
1469,LORE,"Learn Once, Repeat Everywhere"
1470,LOU,Laughing Over You
1471,LOVE,Lots Of Voluntary Effort
1472,LPC,Lead Pipe Cinch -or- Lesbian Power Couple
1473,LPOS,Lazy Piece Of Sh**
1474,LRF,Little Rubber Feet
1475,LRT,Last ReTweet
1476,LSB,Life Sucks Balls
1477,LSHITIPAL,Laughing So Hard I Think I Peed A Little
1478,LSHMBH,Laughing So Hard My Belly Hurts
1479,LSV,"Language, Sex, Violence"
1480,LTF,Lick The Floor
1481,LTHTT,Laughing Too Hard To Type
1482,LTIC,Laughing 'Til I Cry
1483,LTIO,Laughing Til I Orgasm
1484,LTM,Laughing To Myself
1485,LTNS,Long Time No See
1486,LTNT,"Long Time, No Type"
1487,LTOTD,Last Tweet Of The Days
1488,LTR,Long Term Relationship
1489,LTRP,Long Term Relationship Pussy
1490,LTS,Laughing to Self
1491,LTTIC,Look The Teacher Is Coming
1492,LU,Locked Up -or- Laughing Uproariously
1493,LuK,it means good luck
1494,LULU,Locally Undesireable Land Use
1495,lulz,laughs or LulzSec
1496,LUMTP,Love You More Than Pie
1497,LUMU,Love You Miss You
1498,LUMUMI,Love You Miss You Mean It
1499,luser,loser
1500,LUSM,Love You So Much
1501,luv,it means love
1502,LVL,Level
1503,LWR,Launch When Ready
1504,LWU,Laughing With You
1505,LWYS,Look What You Started
1506,LY,Love You
1507,LY4E,Love You Forever
1508,LYA,Love You All
1509,LYAAF,Love You As A Friend
1510,LYB,Love You Babe
1511,LYCYLBB,"Love You, See You Later, Bye Bye"
1512,LYKYAMY,"Love You, Kiss You, Already Miss You"
1513,LYL,Love You Lots
1514,LYLAB,Love You Like a Brother
1515,LYLAS,Love You Like A Sister
1516,LYLB,Love You Later Bye
1517,LYMI,"Love You, Mean It"
1518,LYS,Love YourSelf
1519,LYSOUAQ,Learn Your Sh** Or Up And Quit
1520,LYSYB,"Love Ya, See Ya, Bye"
1521,LYWAMH,Love You With All My Heart
1522,M,Mom
1523,M2NY,"Me Too, Not Yet"
1524,M4C,Meet for Coffee
1525,M4M,Men for Men -or- Male for Male
1526,m4w,men for women
1527,M8 or M8s,Mate -or- Mates
1528,MA,Mature Audience
1529,MAGA,Make America Great Again
1530,MAMIL,Middle Aged Men In Lycra
1531,MAYA,Most Advanced Yet Accessible
1532,MB,Message Board
1533,MBF,Must Be Following
1534,MBN,Must Be Nice
1535,MBRFN,Must Be Real F***ing Nice
1536,MC,MisConnect
1537,MCM,Man Crush Monday
1538,MD,Doctor of Medicine -or- Managing Director
1539,MDMS,Million Dollar Mindset
1540,MDR,Mort De Rire
1541,MEGO,My Eyes Glaze Over
1542,meh,"Who cares, whatever"
1543,MEJR,My Eyes Just Rolled
1544,MERP,Modestly Enlightened Rich People
1545,MF,My Friend -or- Mother F***ing
1546,MFBTY,My Fans Better Than Yours
1547,MFD,Multi-Function Device
1548,MfG,Mit freundlichen Gruessen
1549,MFIC,Mother F***er In Charge
1550,MFRC,My Fingers Are Crossed
1551,MFWIC,Mother F***er Who's In Charge
1552,MHBFY,My Heart Bleeds For You
1553,mhhm,uh huh -or- yeah
1554,MHOTY,My Hat's Off To You
1555,MHYF,Move How You Feel
1556,MIA,Missing In Action
1557,MIH,Make It Happen
1558,MIHAP,May I Have Your Attention Please
1559,MIL,Mother-In-Law
1560,MILF,Mother I'd Like to F***
1561,MINS,Minutes
1562,MIRL,Meet In Real Life
1563,MISTWEET,a tweet you regret you sent
1564,MITIN,More Info Than I Needed
1565,MIWI,Makes It Worth It
1566,MKOP,My Kind Of Place
1567,MLA,Multiple Letter Acronym
1568,MLAS,My Lips Are Sealed
1569,mlm,giving the digital middle finger
1570,MLYLT,Me Love You Long Time
1571,MM,Market Maker -or- Merry Meet
1572,MMHA2U,My Most Humble Apologies To You
1573,mmk,mmm ok
1574,MML,Made Me Laugh
1575,MMYT,Mail Me Your Thoughts
1576,MO,Move On
1577,mob,it means mobile
1578,MOF,Matter Of Fact
1579,MOFO,Mother F***er
1580,MOMPL,MOMent PLease
1581,moobs,man boobs
1582,MOOC,Massive Open Online Course
1583,MOOS,Member Of The Opposite Sex
1584,MOP,MOment Please
1585,MorF,Male or Female
1586,MOS,Mom Over Shoulder
1587,MOSS,Member(s) Of The Same Sex
1588,MOT,Member Of the Tribe
1589,MOTAS,Member Of The Appropriate Sex
1590,MOTD,Message Of The Day
1591,MOTOS,Member(s) Of The Opposite Sex
1592,MOTSS,Member(s) Of The Same Sex
1593,MOV,My Own Views
1594,MPFB,My Personal F*** Buddy
1595,MRA,Moving Right Along
1596,MRM,Men's Rights Movement
1597,MRPH,Mail the Right Place for Help
1598,MRT,Modified ReTweet
1599,MSG,Message
1600,MSM,Main Stream Media -or- Men who Sleep with Men
1601,MSMD,Monkey See Monkey Do
1602,MSNUW,Mini-Skirt No UnderWear
1603,MSTA,Must See To Appreciate
1604,MSTM,Makes Sense To Me
1605,MT,empty -or- Modified Tweet -or- Mean on Twitter
1606,MTBF,Mean Time Before Failure
1607,MTF,More To Follow
1608,MTFBWY,May The Force Be With You
1609,MTLA,My True Love Always
1610,MTMMFBWY,May the Micky Mouse Force Be With You
1611,MTSBWY,May The Schwartz Be With You
1612,MTSITN,More Than Ships In The Night
1613,MU,Miss You
1614,MUAH or MWAH,The sound of a kiss
1615,MUBAR,Messed up Beyond All Recognition
1616,MULC,Miss You Like Crazy
1617,MUSL,Missing You Sh** Loads
1618,MUSM,Miss You So Much
1619,MVA,Motor Vehicle Accident
1620,MVA no PI,Motor Vehicle Accident with no Personal Injury
1621,MVA w/PI,Motor Vehicle Accident with Personal Injury
1622,MVO,Moving On
1623,mvto,it means thank you
1624,MWBRL,More Will Be Revealed Later
1625,MWS,My Wife Says
1626,MYL,Mind Your Language
1627,MYOB,Mind Your Own Business
1628,MYT,Meet You There
1629,MYWB,Make Your World Bigger
1630,N,No -or- And
1631,N pic,Nice picture
1632,N-A-Y-L,In A While
1633,N/A,Not Applicable -or- Not Affiliated
1634,N/M,Nothing Much
1635,N/T,No Text
1636,N1,Nice One
1637,N2M,Not To Mention -or- Not Too Much
1638,N2MJCHBU,"Not Too Much Just Chillin, How Bout You?"
1639,NA,Nice Ass
1640,NAB,Not A Blonde
1641,NADT,Not A Damn Thing
1642,NAGB,Nearly Almost A Good Bridge
1643,NAGI,Not A Good Idea
1644,NAK,Nursing At Keyboard
1645,NALOPKT,Not A Lot Of People Know That
1646,NAMAILU,Not As Much As I Love You
1647,NASCAR,Non-Athletic Sport Centered Around Rednecks
1648,NATC,Not A Text Conversation
1649,natch,Naturally
1650,NATO,"No Action, Talk Only"
1651,NAVY,Never Again Volunteer Yourself
1652,NAZ,"Name, Address, Zip (also means Nasdaq)"
1653,NB,Nota Bene
1654,NB4T,Not Before Time
1655,NBD,No Big Deal
1656,NBFAB,Not Bad For A Beginner
1657,NBFABS,Not Bad For A Bot Stopper
1658,NBG,No Bloody Good
1659,NBIF,No Basis In Fact
1660,NBLFY,Nothing But Love For You
1661,NBS,No Bull Sh**
1662,NC,Nice Crib -or- No Comment
1663,NCBD,New Comic Book Day
1664,NCG,New College Graduate
1665,ND,No Date
1666,NDN,Indian
1667,ne,Any
1668,ne-wayz,anyways
1669,ne1,Anyone
1670,ne14kfc,anyone for KFC?
1671,ne1er,anyone here?
1672,Ne2H,Need To Have
1673,NEET,"Not currently Engaged in Employment, Education, or Training"
1674,NEF,Not Even Funny
1675,NEJ,Not Even Joking
1676,NESEC,Any Second
1677,NEV,Neighborhood Electric Vehicle
1678,NEWEETER,NEW tweeter
1679,NEWS,"North, East, West, South"
1680,NFBSK,Not For British School Kids
1681,NFC,Not Favorably Considered -or- No F***ing Chance
1682,NFE,No F***ing Excuses
1683,NFF,No F***ing Fair
1684,NFG,Not F***ing Good
1685,NFI,No F***ing Idea
1686,NFS,Need For Sex -or- Network File System
1687,NFT,Non Fungible Token -or- No Further Text
1688,NFW,No F***ing Way -or- No Feasible Way
1689,NG,New Game
1690,NGB,Nearly Good Bridge
1691,NGH,Not Gonna Happen
1692,NGL,Not Gonna Lie
1693,NGO,"Non-Governmental Organization, a.k.a. NGOs"
1694,NH,Nice Hand
1695,NHOH,Never Heard Of Him/Her
1696,NI,Not Interested
1697,NI4NI,An Eye For An Eye
1698,NICE,Nonsense In Crappy Existence
1699,NIDL,"Not Interested, DisLike"
1700,NIFOC,Nude In Front Of The Computer
1701,NIGYYSOB,"Now I've Got You, You Son Of a B*tch"
1702,NIH,Not Invented Here
1703,NIM,No Internal Message
1704,NIMBY,Not In My Back Yard
1705,NIMJD,Not In My Job Description
1706,NIMQ,Not In My Queue
1707,NIMY,Never In A Million Years
1708,NINJA,"No Income, No Job nor Assets"
1709,NINO,"Nothing In, Nothing Out -or- No Input, No Output"
1710,NISM,Need I Say More
1711,NITL,Not In This Lifetime
1712,NIYWFD,Not In Your Wildest F***ing Dreams
1713,NJAPF,Not Just Another Pretty Face
1714,NKD,No Kids Died
1715,NLB,Non Linear Behavior
1716,NLL,Nice Little Lady
1717,NLTBRO,Not Likely To Be Run Over
1718,NM,Never Mind -or- Nothing Much -or Not Much -or- Nice Move
1719,"nm, u","not much, you?"
1720,NME,Enemy
1721,NMH,Not Much Here
1722,NMHJC,"Not Much Here, Just Chilling"
1723,NMM,#NoMakeupMonday
1724,NMP,Not My Problem -or- Not My President
1725,NMTE,Now More Than Ever
1726,NMU,"Not Much, You?"
1727,NN,Not Now -or- Need
1728,NNCIMINTFZ,"Not Now Chief, I'm In The F ***in' Zone"
1729,NNR,Need Not Respond
1730,nnsh,night night sweet heart
1731,NNWW,"Nudge, Nudge, Wink, Wink"
1732,NO,Not Online
1733,no praw,no problem
1734,no1,it means no one
1735,NOA,Not Online Anymore
1736,NOFI,No OFfence Intended
1737,noob,also seen as: n00b -or- nub -or- no0blet
1738,NOS,New Old Stock -or- Not Outside Sales
1739,NOY,Not Online Yet
1740,NOYB,None Of Your Business
1741,NP,No Problem -or- Nosy Parents
1742,NQA,No Questions Asked
1743,NQOCD,Not Quite Our Class Dear
1744,NR,Nice Roll
1745,NRG,Energy
1746,NRN,No Reply Necessary
1747,NS,Nice Set -or- No Show
1748,NSA,No Strings Attached
1749,NSB,Not Sure But
1750,NSFW,Not Safe For Work
1751,NSS,No Sh** Sherlock
1752,NSTLC,Need Some Tender Loving Care
1753,NTA,Not This Again
1754,NTABOM,Now That's A Bunch Of Malarkey
1755,NTB,Not Too Bright
1756,NTBM,Not To Be Missed
1757,NTBN,No Text Back Needed
1758,nth,nothing
1759,NTIM,Not That It Matters
1760,NTIMM,Not That It Matters Much
1761,NTK,Nice To Know
1762,NTL,nonetheless
1763,NTM,Not That Much
1764,NTMU,Nice To Meet You
1765,NTTAWWT,Not That There's Anything Wrong With That
1766,NTW,Not To Worry
1767,NTYMI,Now That You Mention It
1768,NUB,New person to a site or game
1769,NUFF,Enough
1770,NVM,NeVer Mind
1771,NVNG,"Nothing Ventured, Nothing Gained"
1772,NW,No Way
1773,NWAL,Nerd Without A Life
1774,NWOT,New WithOut Tags
1775,NWR,Not Work Related
1776,NWT,New With Tags
1777,NYC,Not Your Concern
1778,NYCFS,New York City Finger Salute
1779,O,Opponent -or- Over -or- Or
1780,OAO,Over And Out
1781,OATUS,On A Totally Unrelated Subject
1782,OAUS,On An Unrelated Subject
1783,OB,Obligatory
1784,OBE,Overcome By Events
1785,OBNR,Open But Not Responded
1786,OBO,Or Best Offer
1787,OBS,Obviously
1788,OBTW,Oh By The Way
1789,OBX,Old Battle Axe
1790,OC,Original Character -or- Own Character
1791,OCD,Obsessive Compulsive Disorder
1792,OD,Online Date
1793,ODTAA,One Damn Thing After Another
1794,OF,Old Fart
1795,OFAP,Old Fart At Play
1796,ofc,of course
1797,OG,Original Gangsta
1798,OH,Off Hook
1799,OHF,Oh Heck Friends
1800,OIC,"Oh, I See"
1801,OICU812,"Oh I See, You Ate One Too"
1802,OIRWIS,Oh I Remember What I Said
1803,OIT,Old Indian Trick
1804,OK,okay -or- ok -or- k -or- all correct
1805,OL,Old Lady
1806,OLL,OnLine Love
1807,OLLI,"One Life, Live It"
1808,OLN,OnLine Netiquette
1809,OLO,Only Laughed Once
1810,OM,Old Man
1811,OMB,Oh My Buddha
1812,OMDB,Over My Dead Body
1813,OME,Oh My Evolution
1814,OMFG,Oh My F***ing God
1815,OMG,Oh My God
1816,OMIK,"Open Mouth, Insert Keyboard"
1817,OML,Oh My Lord
1818,OMMA,Oh My Aching Ass
1819,OMW,On My Way -or- Oh My Word
1820,OMWT,On My Way Too
1821,ONID,Oh No I Didn't
1822,ONNA,"Oh No, Not Again"
1823,ONNTA,"Oh No, Not This Again"
1824,ONUD,Oh No You Didn't
1825,OO,Over and Out
1826,OOAK,One Of A Kind
1827,OOC,Out Of Character -or- Out Of Control
1828,OOF,Out Of Facility
1829,OOI,Out Of Interest
1830,OOMF,One Of My Followers
1831,OOO,Out Of Office -or- Out Of Commission
1832,OOS,Out Of Stock
1833,OOT,Out Of Touch
1834,OOTB,Out Of The Box -or- Out Of The Blue
1835,OOTC,Obligatory On Topic Comment
1836,OOTD,Outfit Of The Day
1837,OOTT,Out Of The Loop
1838,OOYF,One Of Your Followers
1839,OP,Original Post
1840,OSIF,Oh Sh** I Forgot
1841,OSINTOT,Oh Sh** I Never Thought Of That
1842,OST,On Second Thought
1843,OT,Off Topic
1844,OTASOIC,Owing To A Slight Oversight In Construction
1845,OTB,Only The Brave
1846,OTC,Over The Counter
1847,OTF,On The Floor -or- On The Fone
1848,OTH,Off The Hook
1849,OTL,Out To Lunch
1850,OTOH,On The Other Hand
1851,OTP,On The Phone
1852,OTS,On The Scene -or- On The Spot -or- Off The Shelf
1853,OTT,Over The Top
1854,OTTOMH,Off The Top Of My Head
1855,OTW,On The Way -or- Off The Wall -or- Otherwise
1856,OUSU,Oh You Shut Up
1857,ova,it means over
1858,OWTTE,Or Words To That Effect
1859,OZ,Australia
1860,O_O,Confused
1861,P,Partner -or- Pretty
1862,P&amp;C,Private &amp; Confidential
1863,P-ZA,Pizza
1864,P/U,Pick Up
1865,P2C2E,Process Too Complicated Too Explain
1866,P2U4URAQTP,Peace To You For You Are A Cutie Pie
1867,P3r50n,it means person
1868,P911,Parent Alert
1869,PA,Parent Alert
1870,PAC,Political Action Committee
1871,PAL,Parents Are Listening -or- Peace And Love
1872,PANS,Pretty Awesome New Stuff
1873,PAP,Post A Picture
1874,PaRT,Partial ReTweet
1875,PATT,Party All The Time
1876,PAW,Parents Are Watching
1877,PAX,Passengers
1878,PB,Potty Break
1879,PBB,Parent Behind Back
1880,PBEM,Play By EMail
1881,PBIAB,Pay Back Is A Bitch
1882,PBJ,Peanut Butter and Jelly -or- Pretty Boy Jock
1883,PC,Personal Computer -or- Politically Correct
1884,PCM,Please Call Me
1885,PCMCIA,People Can't Memorize Computer Industry Acronyms
1886,PD,Public Domain
1887,PDA,Personal Digital Assistant -or- Public Display of Affection
1888,PDOMA,Pulled Directly Out Of My Ass
1889,PDQ,Pretty Darn Quick
1890,PDS,Please Don't Shout
1891,PEBCAC,Problem Exists Between Chair And Computer
1892,PEBCAK,Problem Exists Between Chair And Keyboard
1893,PEEP,People Engaged and Empowered for Peace
1894,peeps,people
1895,pen15,it stands for penis
1896,PFA,Pulled From Ass -or- Please Find Attached
1897,PFC,Pretty F***ing Cold
1898,PFM,Pure F***ing Magic
1899,phat,Pretty Hot And Tempting
1900,PHB,Pointy Haired Boss
1901,PHS,Pointy Haired Stupidvisor
1902,PIAPS,Pig In A Pant Suit
1903,PIBKAC,Problem Is Between Keyboard And Chair
1904,PICNIC,"Problem In Chair, Not In Computer"
1905,PIF,Paid In Full
1906,PIMP,"Peeing In My Pants -or- Protection, Instruction, Management of Prostitutes"
1907,PIMPL,Peeing In My Pants Laughing
1908,PIN,Person In Need -or- Personal Identification Number
1909,PIR,Parent In Room
1910,PITA,Pain In The Ass
1911,PITMEMBOAM,Peace In The Middle East My Brother Of Another Mother
1912,pix,pictures -or- photos
1913,PLO,"Peace, Love, Out"
1914,PLOKTA,Press Lots Of Keys To Abort
1915,PLOS,Parents Looking Over Shoulder
1916,PLS,Please
1917,PLU,People Like Us
1918,PLUR,"Peace, Love, Unity, Respect"
1919,PLZ,Please
1920,PM,Personal Message -or- Private Message
1921,PMBI,Pardon My Butting In
1922,PMF,Pardon My French
1923,PMFJI,Pardon Me For Jumping In
1924,PMHT,Pardon My HashTag a.k.a. #PMHT
1925,PMIGBOM,Put Mind In Gear Before Opening Mouth
1926,PMJI,Pardon My Jumping In
1927,PML,Pissing Myself Laughing
1928,PMN,Picking My Nose
1929,PMP,Peeing My Pants
1930,PMSL,Pissed MySelf Laughing
1931,PNATMBC,Pay No Attention To Man Behind the Curtain
1932,PNATTMBTC,Pay No Attention To The Man Behind The Curtain
1933,PNCAH,"Please, No Cursing Allowed Here"
1934,PND,Possibly Not Definitely -or- Personal Navigation Device
1935,PO,Piss Off
1936,po-mo,post-modern
1937,POA,Plan Of Action
1938,POAHF,Put On A Happy Face
1939,POAK,Passed Out At Keyboard
1940,POD,Print On Demand -or- Play Others Downtime
1941,POETS,Piss Off Early Tomorrow's Saturday
1942,POLITWEET,POLItical TWEET
1943,POMS,Parent Over My Shoulder
1944,PONA,Person Of No Account
1945,POP,"Photo On Profile, Point Of Purchase/Presence, Post Office Protocol"
1946,POS,Parent Over Shoulder -or- Piece Of Sh**
1947,POSC,Piece Of Sh** Computer
1948,POSSLQ,Persons of the Opposite Sex Sharing Living Quarters
1949,POTATO,Person Over Thirty Acting Twenty One
1950,POTS,Plain Old Telephone System -or- Pat On The Shoulder
1951,POTUS,President of the United States
1952,POV,Point Of View
1953,POW,Prisoner Of War
1954,PP,Personal Problem
1955,PPC,Pay Per Click -or- Pay-Per-Click
1956,PPL,People -or- Pay-Per-Lead -or- Pay Per Lead
1957,PPPPPPP or 7P,Prior Proper Planning Prevents Piss Poor Performance
1958,pron,porn
1959,PRT,Partial ReTweet -or- Please ReTweet -or- Party
1960,PRW,Parents Are Watching
1961,PS,Post Script
1962,PSA,Public Service Announcement
1963,PSE,Porn Star Experience
1964,PSO,Product Superior to Operator
1965,PTAT,People Talking About This
1966,PTH,Prime Tanning Hours
1967,PTL,Praise The Lord
1968,PTMM,Please Tell Me More
1969,PTOYED,Please Turn Off Your Electronic Devices
1970,PTP,Pardon The Pun -or- Pity The Poor
1971,PTPOP,Pat The Pissed Off Primate
1972,PU,That Stinks
1973,PUH,Personal Umbrella Handler
1974,PUSH,Praying Until Something Happens
1975,puter,computer
1976,PVP,Player Versus Player
1977,pw,password
1978,PWAS,Prayer Wheels Are Spinning
1979,PWAT,Pay With A Tweet
1980,PWCB,Person Will Call Back
1981,pwms,playing with myself
1982,pwn,own
1983,pwnt,owned
1984,PWOMS,Parent Watching Over My Shoulder
1985,PWP,"Plot, What Plot?"
1986,PYFB,Pay Your F***ing Bill
1987,PYOP,Pray Your Own Prayer
1988,Q,Queue -or- Question
1989,Q&amp;A,Question and Answer
1990,Q1,it means: first Quarter
1991,Q2C,Quick To Cum
1992,Q416,it means: Quarter 4 in 2016
1993,Q4U,Question For You
1994,QAP,Quickly As Possible
1995,QB,Quarter Back
1996,QC,Quality Control
1997,QED,Quod Erat Demonstrandum
1998,QFE,Quoted For Emphasis
1999,QFMT,Quoted For More Truth
2000,QFT,Quoted For Truth -or- Quit F***ing Talking
2001,QI,Quite Interesting
2002,qix,it means quick
2003,QK,Ninja
2004,QL,Quit Laughing
2005,QLS,Reply
2006,QOTD,Quote Of The Day
2007,QOTP,Quote Of The Post
2008,QQ,Quick Question -or- Cry More
2009,QS,Quit Scrolling
2010,QT,Cutie -or- Quiet
2011,QYB,Quit Your Bitching
2012,r,are
2013,r u da?,Are you there?
2014,r u goin?,Are you going?
2015,r u there?,Are you there?
2016,R&amp;D,Research &amp; Development
2017,R&amp;R,Rest &amp; Relaxation
2018,RAEBNC,"Read And Enjoyed, But No Comment"
2019,RAF,Random As F***
2020,RAFO,Read And Find Out
2021,RAT,Remotely Activated Trojan -or- Remote Access Tool
2022,RB@Ya,Right Back at Ya
2023,RBAY,Right Back At You
2024,RBF,Referencing Bitch Face
2025,RBTL,Read Between The Lines
2026,RBU,"Rainbows, Butterflies, Unicorns"
2027,RC,Remote Control
2028,RCI,Rectal Cranial Inversion
2029,RDV,Reader's Digest Version
2030,RE,Regards -or- Reply -or- Hello Again
2031,REDLYFE,Repeat Every Day Lifestyle
2032,REHI,Hi Again
2033,RESO,Reservation
2034,RFD,Request For Discussion
2035,RFP,Request For Proposal
2036,RFR,Really F***ing Rich
2037,RFS,Really F***ing Soon
2038,rgds,it means regards
2039,RGR,Roger
2040,RHIP,Rank Has Its Privileges
2041,RHK,RoundHouse Kick
2042,RI&amp;W,Read It And Weep
2043,RIMJS,Really I'M Just Saying
2044,RINO,Republican In Name Only
2045,RIP,"Rest In Peace, a.k.a. big RIP"
2046,RIYL,Recommended If You Like
2047,RKBA,Right to Keep and Bear Arms
2048,RL,Real Life
2049,RLCO,Real Life Conference
2050,RLF,Real Life Friend
2051,RLRT,Real Life ReTweet
2052,RM,Remake
2053,RMB,Rings My Bell
2054,RMETTH,Rolling My Eyes To The Heavens
2055,RMLB,Read My Lips Baby
2056,RMMA,Reading My Mind Again
2057,RMMM,Read My Mail Man
2058,RN,Right Now
2059,RNN,Reply Not Necessary
2060,RNY,it means rainy
2061,ROFL,Rolling On Floor Laughing
2062,ROFLMAO,Rolling On Floor Laughing My Ass Off
2063,ROFLMAOASTC,Rolling On Floor Laughing My Ass Off And Scaring The Cat
2064,ROFLOL,Rolling On Floor Laughing Out Loud
2065,ROR,Raffing Out Roud (in scooby-doo dialect)
2066,ROTFL,Rolling On The Floor Laughing
2067,ROTFLMAO,Rolling On The Floor Laughing My Ass Off
2068,ROTFLMFAO,Rolling On The Floor Laughing My F***ing Ass Off
2069,ROTFLOL,Rolling On The Floor Laughing Out Loud
2070,ROTGL,Rolling On The Ground Laughing
2071,ROTGLMAO,Rolling On The Ground Laughing My Ass Off
2072,ROTM,Right On The Money
2073,RPG,Role Playing Games
2074,RQB,Request Quotation Bidding
2075,RRQ,Return Receipt reQuested
2076,RRR,haR haR haR (instead of LOL)
2077,RSN,Real Soon Now
2078,RSVP,Repondez S'il Vous Plait
2079,RT,Real Time -or- ReTweet
2080,RTA,Road Traffic Accident
2081,RTB,Returning To Base
2082,RTBM,Read The Bloody Manual
2083,RTBS,Reason To Be Single
2084,RTFAQ,Read The FAQ
2085,RTFF,Read The F***ing FAQ
2086,RTFM,Read The F***ing Manual
2087,RTFQ,Read The F***ing Question
2088,RTH,Release The Hounds
2089,RTHX,Re-tweet Thanks
2090,RTK,Return To Keyboard
2091,RTM or RTFM,Read The Manual -or- Read The F***ing Manual
2092,RTS,Read The Screen
2093,RTSM,Read The Silly Manual
2094,RTSS,Read The Screen Stupid
2095,RTTSD,Right Thing To Say Dude
2096,RTWFQ,Read The Whole F***ing Question
2097,RU,Are You?
2098,RU/18,Are You Over 18?
2099,RUFKM,Are You F***ing Kidding Me?
2100,RUH,Are You Horny?
2101,RUMCYMHMD,Are You on Medication Cause You Must Have Missed a Dose
2102,RUMORF,Are You Male OR Female?
2103,RUNTS,Are You Nuts?
2104,RUOK,Are You OK?
2105,RUS,Are You Serious?
2106,RUSOS,Are You SOS (in trouble)?
2107,RUT,Are You There?
2108,RUUP4IT,Are You Up For It?
2109,RU\\18,Are You Under 18?
2110,RX,Regards
2111,RYFM,Read Your Friendly Manual
2112,RYO,Roll Your Own
2113,RYS,Read Your Screen
2114,S,Smile
2115,S/N,Serial Number
2116,S/S,Shout-out for Shout-out
2117,S2G,Swear to God
2118,S2R,Send To Receive
2119,S2U,Same To You
2120,S3&lt;==8,screwed in the ass
2121,S4B,Sh** for Brains
2122,S4L,Spam For Life
2123,SADAD,Suck A Dick And Die
2124,SAHM,Stay At Home Mom
2125,SAIA,Stupid Asses In Action
2126,SANM,Starting A New Message
2127,SAPFU,Surpassing All Previous Foul Ups
2128,SB,Stand By
2129,SBI,Sorry 'Bout It
2130,SBTA,"Sorry, Being Thick Again"
2131,SBUG,Small Bald Unaudacious Goal
2132,SC,Stay Cool
2133,SCNR,"Sorry, Could Not Resist"
2134,SCOTUS,Supreme Court Of The United States
2135,SCUICHT,So Coked Up I Can Hardly Type
2136,SDC,Saturday (or Sunday) Drinking Club
2137,SDFB,Smoke Dope F*** B*tches
2138,SDFS,Second Day First Show
2139,SDK,Scottie Doesn't Know -or- Software Developer's Kit
2140,sec,wait a second
2141,SED,Said Enough Darling
2142,SEG,Sh** Eating Grin
2143,SEP,Somebody Else's Problem
2144,SERPT,Soul Eater Role-Playing Team
2145,SETE,Smiling Ear To Ear
2146,SEWAG,Scientifically Engineered Wild Ass Guess
2147,SEX,Sun Users' Group -or- ALL CAPS for sex
2148,SF,Surfer Friendly -or- Science Fiction
2149,SFAIAA,So Far As I Am Aware
2150,SFB,Sh** For Brains
2151,SFETE,Smiling From Ear To Ear
2152,SFLA,Stupid Four Letter Acronym
2153,SFP,Sorry For Partying
2154,SFTTM,Stop F***ing Talking To Me
2155,SFTW,Sorry For The Wait
2156,SFX,Sound Effects -or- Stage Effects
2157,SGTM,Sounds Good To Me
2158,SH,Sh** Happens
2159,SHB,Should Have Been
2160,shhh,quiet
2161,SHID,Slap Head In Disgust
2162,SHIT,Sugar Honey Ice Tea
2163,SHMILY,See How Much I Love You
2164,SHT,it means so hot
2165,SHTF,Sh** Hits The Fan
2166,SHWASLOMF,Sitting Here With A Straight Look On My Face
2167,SHXP,Shakespeare
2168,SIA,Say It Again
2169,SIC,Spelling Is Correct
2170,SICL,Sitting In Chair Laughing
2171,SICS,Sitting In Chair Snickering
2172,SII,Seriously Impaired Imagination
2173,SIL,Sister-In-Law
2174,SIN,Stop It Now
2175,SIP,Skiing In Powder
2176,SIRD,"Sorry, Incorrect Recipient, Disregard"
2177,SIT,Stay In Touch
2178,SITCOM,"Single Income, Two Children, Oppressive Mortgage"
2179,SITD,Still In The Dark
2180,SITUBI,Say It Til You Believe It
2181,SIUP,Suck It Up Pussy
2182,SIUYA,Shove It Up Your Ass
2183,SIY,Search Inside Yourself
2184,SJ,Strong Jaws
2185,sk8er,skater
2186,sk8r,skater
2187,Sknkr,Skincare
2188,SKYE,School Kills Your Entertainment
2189,SL,Second Life
2190,SLAN,it means: goodbye
2191,SLAP,Sounds Like A Plan -or- Speak Like A Person
2192,SLAW,Sounds Like A Winner
2193,SLIRK,Smart Little Rich Kid
2194,SLM,See Last Mail
2195,SLOM,Sticking Leeches On Myself
2196,SLT,Something Like That
2197,SM,Senior Moment
2198,sm1,it means someone
2199,SMAIM,Send Me An Instant Message
2200,SMAO,Sweating My Ass Off
2201,SMART,Self-Monitoring Analysis and Reporting Technology
2202,SMB,Suck My Balls
2203,SMB2B,Small Business Business to Business
2204,SMC,Self Made Celebrate
2205,SMD,Suck My Dick
2206,SME,Subject Matter Expert
2207,SMEM,Send Me E-Mail
2208,SMH,Shaking My Head -or- So Much Hate
2209,SMHD,Shaking My Head in Disbelief
2210,SMILF,Single Mother I'd Like to Fuck
2211,SMIM,Send Me an Instant Message
2212,SMIZE,Smile With Your Eyes
2213,SML,Slap My Leg
2214,SMOP,Small Matter of Programming
2215,smt,something
2216,SN,Side Note
2217,SNAFU,"Situation Normal, All F***ed Up"
2218,SNAG,Sensitive New Age Guy
2219,SNERT,Snotty Nosed Egotistical Rotten Teenager
2220,SNH,Sarcasm Noted Here
2221,SNIF,Simple Nice Index File
2222,SNL,Same Night Lay
2223,SNNSHWRS,it means sun showers
2224,SNNY,it means sunny
2225,SO,Significant Other
2226,SOB,Son Of a B*tch
2227,SOBT,Stressed Out Big Time
2228,SODDI,Some Other Dude Did It
2229,SOE,Start Of Exams
2230,SOGOP,Sh** Or Get Off the Pot
2231,SOH,Sense Of Humor
2232,SOHF,Sense Of Humor Failure
2233,SOHO,Small Office Home Office
2234,SOI,Self Owning Idiot
2235,SOIAR,Sit On It And Rotate
2236,SoIC,So I See
2237,sok,it's ok
2238,SOL,Sh** Out of Luck -or- Sooner Or Later
2239,solomo,"Social, Local, Mobile"
2240,some1,someone
2241,SOMF,Sit On My Face
2242,SOMY,Sick Of Me Yet
2243,SOOYA,Snake Out Of Your Ass
2244,SOP,Standard Operating Procedure
2245,SorG,Straight or Gay
2246,SOS,Same Old Sh** -or- help
2247,SOSAD,Same Old Song And Dance
2248,SOSC,Someone Snapchat
2249,SOT,Short On Time
2250,SOTMG,"Short On Time, Must Go"
2251,SOW,Speaking Of Which -or- Statement Of Work
2252,soz,Sorry
2253,SPAT,Some People Are Trains
2254,SPEET,SPam Tweet
2255,spk,it means speak
2256,SPOC,Single Point Of Contact
2257,SPT,Sorry Predictive Text
2258,SRLB,Spoiled Rotten Little Brat
2259,SRO,Standing Room Only
2260,SROI,Social Return On Investment
2261,srsly,seriously
2262,sry,it means sorry
2263,SSA,Ass Backwards
2264,SSC,Super Sexy Cute
2265,SSDD,Same Sh** Different Day
2266,SSEWBA,"Someday Soon, Everything Will Be Acronyms"
2267,SSIA,Subject Says It All
2268,STA,Short Term Attitude
2269,STARS,"Sorry, Thank you, Action, Recover, Share"
2270,STBH,Short To Be Honest
2271,STBX,Soon To Be Ex
2272,STBY,Sucks To Be You
2273,STD,"Seal The Deal, Save The Date, Sexually Transmitted Disease, Stuff To Do"
2274,STEM,"Science, Technology, Engineering, Math"
2275,STFU,Shut The F*** Up
2276,STFW,Search The F***ing Web
2277,STG,Swear To God
2278,sth,something
2279,STHU,Shut The Hell Up
2280,STM,Spank The Monkey
2281,STML,Short Term Memory Loss
2282,STOW,Some Type Of Way
2283,STPPYNOZGTW,"Stop Picking Your Nose, Get To Work"
2284,STR8,Straight
2285,STS,So To Speak
2286,STST,Sweet Tea SweeTie
2287,STW,Search The Web
2288,STYS,Speak To You Soon
2289,SU,Shut Up
2290,SUAC,Sh** Up A Creek
2291,SUAKM,Shut Up And Kiss Me
2292,SUB,Shut Up Bitch
2293,SUFI,Super Finger -or- Shut Up F***ing Imbecile
2294,SUFID,Screwing Up Face In Disgust
2295,SUL,Snooze You Lose
2296,sup,what's up?
2297,sux,sucks
2298,SUYF,Shut Up You Fool
2299,SWAG,"Scientific Wild Ass Guess, SoftWare And Giveaways, Stuff We All Get"
2300,SWAK,Sealed (or Sent) With A Kiss
2301,SWALBCAKWS,Sealed With A Lick Because A Kiss Won't Stick
2302,SWALK,Sealed With A Loving Kiss
2303,SWDYT,So What Do You Think?
2304,sweet&lt;3,sweetheart
2305,SWF,Single White Female
2306,SWIM,See What I Mean?
2307,SWIS,See What I'm Saying
2308,SWIT,Sit and Sweat
2309,SWL,Screaming With Laughter
2310,SWMBO,She Who Must Be Obeyed
2311,SWOT,"Strengths, Weaknesses, Opportunities, Threats"
2312,SWU,So What's Up
2313,SWYP,So What’s Your Problem?
2314,SxE,Straight Edge
2315,SYK,So You Know
2316,SYL,See You Later
2317,SYS,See You Soon
2318,SYT,See You Tomorrow
2319,s^,what's up?
2320,T&amp;C,Terms &amp; Conditions
2321,t+,it means think positive
2322,t2go,Time to Go
2323,T2UL,Talk To You Later
2324,T2UT,Talk To You Tomorrow
2325,T4P,Thanks For Posting
2326,T@YL,Talk At You Later
2327,TA,Thanks Again
2328,TABOM,That's A Bunch Of Malarkey
2329,TABOOMA,Take A Bite Out Of My Ass
2330,TAF,"That's All, Folks"
2331,TAFN,That's All For Now
2332,TAH,Take A Hike
2333,TAHITMOTS,There's A Hole In The Middle Of The Sea
2334,TAKS,That's A Knee Slapper
2335,TAM,Thanks A Million
2336,TANJ,There Ain't No Justice
2337,TANSIT,There's A New Sheriff In Town
2338,TANSTAAFL,There Ain't No Such Thing As A Free Lunch
2339,TAP,Take A Pill
2340,TARFU,Things Are Really F***ed Up
2341,TAS,Taking A Shower
2342,TAW,Teachers Are Watching
2343,TAYN,Thinking About You Now
2344,TB,Titty Bar
2345,TBA,To Be Announced -or- To Be Advised
2346,TBC,To Be Continued
2347,TBD,To Be Determined -or- To Be Decided
2348,TBE,Thick Between Ears
2349,TBH,To Be Honest
2350,TBIU,The Bitch Is Ugly
2351,TBT,Throwback Thursday
2352,TBU,Thinking 'Bout You
2353,TBYB,Try Before You Buy
2354,TC,Take Care -or- Twitter Crush
2355,TCB,Trouble Came Back -or- Taking Care of Business
2356,TCFHOG,Too Cute For His Own Good
2357,TCK,Third Culture Kid
2358,TCOB,Taking Care Of Business
2359,TCOY,Take Care Of Yourself
2360,TD&amp;H,"Tall, Dark and Handsome"
2361,TDM,Too Darn Many
2362,TDTM,Talk Dirty To Me -or- Text Dirty To Me
2363,TEOG,The Edge Of Glory
2364,TEOTWAWKI,The End Of The World As We Know It
2365,TF,Too Funny -or- The F***? as in WTF
2366,TFA,Twenty Fifth Amendment
2367,TFDS,That's For Darn Sure
2368,TFF,Twitter Follower Friend
2369,TFH,Thread From Hell
2370,TFLMS,Thanks For Letting Me Share
2371,TFM,Thanks From Me
2372,TFMIU,The F***ing Manual Is Unreadable
2373,TFN,Thanks For Nothing -or- Til Further Notice
2374,TFS,Thanks For Sharing -or- Three Finger Salute
2375,TFTC,Thanks For The Cache
2376,TFTHAOT,Thanks For The Help Ahead Of Time
2377,TFTT,Thanks For The Thought
2378,TFTU,Thanks For The Update
2379,TFW,That Feeling When
2380,TFX,Traffic
2381,TFYS,The F*** You Say
2382,TG4A,Thank God For Acronyms
2383,TGAL,"Think Globally, Act Locally"
2384,TGFAD,Thank God for Another Day
2385,TGGTG,That Girl/Guy has Got To Go
2386,TGIC,This Girl Is Crazy
2387,TGIF,Thank God It's Friday
2388,TGIM,Thank God It's Monday
2389,TGTSIO,Thank God The Sun Is Out
2390,THOT,That Ho Over There
2391,THX or TX or THKS,Thanks
2392,TIA,Thanks In Advance
2393,TIAIL,Think I Am In Love
2394,TIC,Tongue In Cheek
2395,TIGAS,Think I Give A Sh**
2396,TIL,Today I Learned
2397,TILF,Teacher I'd Like to F***
2398,TILII,Tell It Like It Is
2399,TIME,Tears In My Eyes
2400,TIMITI,Try It Measure It Tweak It
2401,TINGLE,it means: Taken &amp; Single
2402,TINGTES,"There Is No Gravity, The Earth Sucks"
2403,TINWIS,That Is Not What I Said
2404,TISC,This Is So Cool
2405,TISL,This Is So Lame
2406,TISNC,This Is So Not Cool
2407,TISNF,That Is So Not Fair
2408,TISNT,That Is So Not True
2409,TJBNJ,This Job Beats No Job
2410,TK,To Come
2411,TKO,Technical Knock Out
2412,TKU4UK,Thank You For Your Kindness
2413,TL;DR,Too Long; Didn't Read
2414,TLA,Three Letter Acronym
2415,TLC,Tender Loving Care
2416,TLGO,The List Goes On
2417,TLITBC,That's Life In The Big City
2418,TLK2UL8R,Talk To You Later
2419,TLTR,Too Long To Read
2420,TM,Trust Me
2421,TMA,Too Many Acronyms
2422,TMALSS,To Make A Long Story Short
2423,TMB,Tweet Me Back
2424,TMI,Too Much Information
2425,TMSAISTI,That's My Story And I'm Sticking To It
2426,TMSGO,Too Much Sh** Going On
2427,TMTOWTDI,There's More Than One Way To Do It
2428,TMTT,Too Much To Type
2429,TNA,Temporarily Not Available
2430,TNC,Tongue In Cheek
2431,TNLN,"Took Nothing, Left Nothing"
2432,TNO,Tell No One
2433,TNT,Til Next Time
2434,TNTL,Trying Not To Laugh
2435,TNX,Thanks
2436,to go nookleer,to explode
2437,TOBAL,There Oughta Be A Law
2438,TOBG,This Oughta Be Good
2439,TOM,Tomorrow
2440,TOMTB,Taking Off My Training Bra
2441,TOON,short for cartoon
2442,TOPCA,Til Our Paths Cross Again
2443,TOT,Tons Of Time
2444,TOY,Thinking Of You
2445,TP,Team Player -or- TelePort -or- Thanks Pal -or- Toilet Paper
2446,TPC,The Phone Company
2447,TPIYP,To Put In Your Prayers
2448,TPS,That's Pretty Stupid
2449,TPT,Trailor Park Trash
2450,TPTB,The Powers That Be
2451,TQM,Total Quality Management
2452,TQRT,Thanks for the ReTweet
2453,TRAM,The Rest Are Mine
2454,TRDMC,Tears Running Down My Cheeks
2455,tripdub,it means www
2456,TRNDO,it means tornado
2457,troo,true
2458,TRP,Television Rating Points
2459,TS,Tough Sh** -or- Totally Stinks
2460,TSB,"Tall, Sexy, Beautiful"
2461,TSH,Too Stinkin' Hot
2462,TSIA,This Says It All
2463,TSIF,Thank Science It's Friday
2464,TSNF,That's So Not Fair
2465,TSOB,Tough Son Of a B*tch
2466,TSR,Totally Stuck in RAM -or- Totally Stupid Rules
2467,TSRA,Two Shakes of a Rat's Ass
2468,TSTB,"The Sooner, The Better"
2469,TSTL,To Stupid To Live
2470,TT,Big Tease
2471,TTA,Tap That Ass
2472,TTBOMK,To The Best Of My Knowledge
2473,TTFN,Ta Ta For Now
2474,TTG,Time to Go
2475,TTIOT,The Truth Is Out There
2476,TTKSF,Trying To Keep a Straight Face
2477,TTMF,Ta Ta MOFO
2478,TTS,Text To Speech
2479,TTT,That's The Ticket -or- To The Top -or- Thought That Too
2480,TTTH,Talk To The Hand
2481,TTTHTFAL,Talk To The Hand The Face Ain't Listening
2482,TTTKA,Time To Totally Kick Ass
2483,TTTT,To Tell The Truth
2484,TTUL,Talk To You Later
2485,TTYAWFN,Talk To You A While From Now
2486,TTYIAF,Talk/Type To You In A Few
2487,TTYL,Talk To You Later -or- Type To You Later
2488,TTYL8R,Talk To You Later
2489,TTYLXOXO,"Talk To You Later, Hugs and Kisses"
2490,TTYOB,Tend To Your Own Business
2491,TTYS,Talk To You Soon
2492,TTYT,Talk To You Tomorrow
2493,TU,Toes Up (as in dead)
2494,TVM4YEM,Thank You Very Much For Your E-Mail
2495,TW,Tweet
2496,TWARS,Twitter Wars
2497,TWD,Texting While Driving
2498,TWHAB,This Won't Hurt A Bit
2499,TWHE,The Walls Have Ears
2500,TWIMC,To Whom It May Concern
2501,TWIT,That's What I Thought
2502,TWITA,That's What I'm Talking About
2503,TWIWI,"That Was Interesting, Wasn't It?"
2504,TWSS,That's What She Said
2505,TWTR,Twitter
2506,TWU,That's What's Up
2507,TXS,Thanks
2508,TXT,Text
2509,TXT IM,Text Instant Message
2510,TXT MSG,text message
2511,TY,Thank You
2512,TYCLO,Turn Your CAPS LOCK Off
2513,TYFF,Thank You For Following
2514,TYG,There You Go -or- Thank You God
2515,TYL,Text You Later -or- Thank You Lord
2516,TYVM,Thank You Very Much
2517,u,You
2518,u up,are you up?
2519,U-L,You Will
2520,U2,You Too
2521,u4e,Yours ForEver
2522,u8,you ate?
2523,UAYA,Use As You Are
2524,UBS,Unique Buying State
2525,UCWAP,Up a Creek Without A Paddle
2526,UDH82BME,You'd Hate To Be Me
2527,UDK,You Don't Know
2528,UDM,You're the Man
2529,UFN,Until Further Notice
2530,UFUF,"You F***, You Fix"
2531,UG2BK,You've Got To Be Kidding
2532,UGC,User-Generated Content
2533,UGFSU,Your Girlfriend's Ugly
2534,UGTR,You Got That Right
2535,UMK,You Must Know
2536,UNF,Universal Noise of Fucking
2537,UNOIT,You Know It
2538,unPC,unPolitically Correct
2539,UNT,Until Next Time
2540,UNTCO,You Need To Chill Out
2541,UOK,Are You OK?
2542,UPOD,Under Promise Over Deliver
2543,ur,you are
2544,UR2K,You Are Too Kind
2545,URAPITA,You Are A Pain In The Ass
2546,URSAI,You Are Such An Idiot
2547,URW,You Are Welcome
2548,URWS,You Are Wise
2549,URYY4M,You Are Too Wise For Me
2550,URZ,yours
2551,USC,Up Sh** Creek
2552,USCWAP,Up Sh** Creek Without A Paddle
2553,USP,Unique Selling Proposition
2554,UTM,You Tell Me
2555,UV,Unpleasant Visual
2556,UWIWU,You Wish I Was You
2557,UWM,You Want Me
2558,UX,"User eXperience, a.k.a. UE"
2559,V,Very
2560,VBD,Very Big Deal
2561,VBG,Very Big Grin
2562,VBMG,Very Big Mischievous Grin
2563,VBS,Very Big Smile
2564,VC,Venture Capital
2565,VCDA,"Vaya Con Dios, Amigo"
2566,VEG,Very Evil Grin
2567,VFM,Value For Money
2568,VGN,Vegan -or- Vegetarian
2569,VILF,Voter I'd Like to F***
2570,VIM,Very Important Member
2571,VIP,Very Important Person
2572,VIV,Very Important Visitor
2573,VM,Voice Mail
2574,VMA,Very Much Alive
2575,VOD,Video On Demand
2576,VRBS,Virtual Reality Bull Sh**
2577,VSF,Very Sad Face
2578,VVS,Vertical Video Syndrome
2579,VWD,Very Well Done
2580,VWP,Very Well Played
2581,W,With -or- Working
2582,w wult,what would you like to talk about
2583,w's^,what's up?
2584,W/,With
2585,W/E,Weekend
2586,W/O,Without
2587,w/r/t,with regard to
2588,w00t,We Own the Other Team
2589,w4m,women for men
2590,W8,Wait
2591,W9,Wife in room
2592,W@,What?
2593,WABI,What A Bright Idea
2594,WABOC,What A Bunch Of Crap
2595,WABOM,What A Bunch Of Malarkey
2596,WACI,What A Cool Idea
2597,WAD,Without A Doubt
2598,WADI,What A Dumb Idea
2599,WADR,With All Due Respect
2600,WAEF,When All Else Fails
2601,WAFB,What A F***ing Bitch
2602,WAFM,What A F***ing Mess
2603,WAFS,Warm And Fuzzies
2604,WAFU,What A F*** Up
2605,WAG,Wild Ass Guess -or- Wives And Girlfriends
2606,WAGS,Wives And Girlfriends of Sports stars
2607,WAI,What An Idiot
2608,WAK,What A Kiss
2609,WAMBAM,Web Application Meets Brick And Mortar
2610,wan2,it means want to
2611,WAP,Wireless Application Protocol or Wet Ass Pussy
2612,WAS,What A Slut
2613,WATI,What A Terrible Idea
2614,WATN,Where Are They Now
2615,WAW,Waiter/Actor/Webmaster -or- What A Whore
2616,WAWI,What A Wonderful Idea
2617,WAY,Where Are You?
2618,WAYD,What Are You Doing?
2619,WAYN,Where Are You Now?
2620,WB,Welcome Back -or- Write Back
2621,WBOS,We Build Our Society
2622,WBS,Write Back Soon
2623,WBU,What 'Bout You?
2624,WC,Who Cares -or- Water Closet
2625,WCA,Who Cares Anyway
2626,wckd,it means wicked
2627,WCMTSU,We Can't Make This Sh** Up
2628,WCW,Woman Crush Wednesday
2629,WD,Well Done
2630,WDALYIC,Who Died And Left You In Charge?
2631,WDDD,Woopie Doo Da Dey
2632,WDILY,Why Do I Love You?
2633,WDR,With Due Respect
2634,WDT,Who Does That?
2635,WDYJS,What Did You Just Say?
2636,WDYM,What Do You Mean?
2637,WDYMBT,What Do You Mean By That?
2638,WDYS,What Did You Say?
2639,WDYT,What Do You Think?
2640,WE,Whatever
2641,WEG,Wicked Evil Grin
2642,wenja,it means when do you
2643,werja,it means where do you
2644,werru,it means where are you
2645,werubn,it means where have you been
2646,WETSU,We Eat This Sh** Up
2647,WF,Way Fun
2648,WFH,Work From Home
2649,WFM,Works For Me
2650,WG,Wicked Grin
2651,WGAFF,Who Gives A Flying F***
2652,WGMGD,What Get's Measured Get's Done
2653,WHYDTM,What Have You Done To Me?
2654,WIBAMU,"Well, I'll Be A Monkey's Uncle"
2655,WIBNI,Wouldn't It Be Nice If
2656,WIIFM,What's In It For Me
2657,WIIFY,What's In It For You
2658,WIIWII,Well It Is What It Is
2659,WILB,Workplace Internet Leisure Browsing
2660,WILCO,Will Comply
2661,WIM,Woe Is Me
2662,WIP,Work In Process
2663,wirld,world
2664,WISP,Winning Is So Pleasureable
2665,WIT,Wordsmith In Training
2666,WITFITS,What In The F*** Is This Sh**
2667,WITW,What In The World
2668,WIU,Wrap It Up
2669,wk,it means week
2670,wkewl,way cool
2671,wknd,it means weekend
2672,WKYP,Will Keep You Posted
2673,WLMIRL,Would Like to Meet In Real Life
2674,WLU,"Wicked, Love You"
2675,WLU2,"Wicked, Love You Too"
2676,WMBY,What Makes You Beautiful
2677,WMHGB,Where Many Have Gone Before
2678,WMMOWS,Wash My Mouth Out With Soap
2679,WMPL,Wet My Pants Laughing
2680,WNDY,it means windy
2681,WNOHGB,Where No One Has Gone Before
2682,WOA,Work Of Art
2683,WOG,Wise Old Guy &amp; non-Scientologist
2684,WOM,Word Of Mouth -or- Word Of Mouse
2685,WOMBAT,"Waste Of Money, Brains And Time"
2686,WoMoBiJo,Working Mother with a Big Job
2687,WOMW,Watch On My Wrist
2688,WOOF,Well Off Older Folks
2689,woot,We Own the Other Team
2690,WOP,With Out Papers
2691,word,"it means cool, a.k.a. word up"
2692,WOT,Waste Of Time or- it means what
2693,WOTAM,Waste Of Time And Money
2694,WOTD,Word Of The Day
2695,WP,Well Played
2696,WRM,it means warm
2697,WRT,With Regard To -or- With Respect To
2698,wru,where are you?
2699,WRUD,What Are You Doing?
2700,WRUDATM,What Are You Doing At The Moment?
2701,WSU,What Say You?
2702,WT,Without Thinking -or- What The -or- Who The
2703,WTAS,Wanna Take A Shower?
2704,WTB,Want To Buy -or- What To Buy
2705,WTDB,What's The Difference Between
2706,WTF,What The F***
2707,WTFDYJS,What The F*** Did You Just Say?
2708,WTFGDA,"Way To F***ing Go, Dumb Ass"
2709,WTFH,What The F***ing Hell
2710,WTFWYCM,Why The F*** Would You Call Me?
2711,WTFYTT,Who The F*** You Talking To
2712,WTG,Way To Go
2713,WTG4a\\%/,Want To Go For A Drink
2714,WTGP,Want To Go Private?
2715,WTH,What The Heck
2716,WTHIN,What The Hell Is Next
2717,WTHOW,White Trash Headline Of the Week
2718,WTMC,What The Mother C***
2719,WTMI,Way Too Much Information
2720,WTN,What Then Now? -or- Who Then Now?
2721,WTS,Want To Sell
2722,WTSDS,Where The Sun Don't Shine
2723,WTSHTF,When The Sh** Hits The Fan
2724,WTTM,Without Thinking Too Much
2725,WTTP,Want To Trade Pictures?
2726,WTWT,What to Watch Tonight
2727,WU,What's Up
2728,WUBB,What's Up Baby Boy
2729,WUBG,What's Up Baby Girl
2730,WUD,What You Doing?
2731,WUF,Where You From
2732,WUT,Wonderful Useless Turd
2733,WUWH,Wish You Were Here
2734,WUWHIMA,Wish You Were Here In My Arms
2735,wuz,was
2736,wuz4dina,What's for dinner?
2737,wuzup,what's up?
2738,WWBA,What Would Be Accurate
2739,WWD,What Went Down
2740,WWG1WGA,Where We Go 1 We Go All
2741,WWJD,What Would Jesus Do?
2742,WWNO,Walker Wheels Need Oil
2743,WWSD,What Would Satan Do?
2744,WWTT,World Wide Trending Topic -or- World Wide Twitter Trend
2745,WWW,World Wide Web -or- World Wide Wait -or- What Went Wrong
2746,WWY,Where Were You?
2747,WX,Weather
2748,WYCM,Will You Call Me?
2749,WYD,What You Doing?
2750,WYFM,Would You F*** Me?
2751,WYGISWYPF,What You Get Is What You Pay For
2752,WYM,What do You Mean?
2753,wymyn,women
2754,WYP,What's Your Problem?
2755,WYRN,What's Your Real Name?
2756,WYS,Whatever You Say
2757,WYSILOB,What You See Is A Load of Bullocks
2758,WYSIWYG,What You See Is What You Get
2759,WYSLPG,What You See Looks Pretty Good
2760,WYT,Whatever You Think
2761,WYTB,Wish You The Best
2762,WYW,Wish You Well
2763,WYWH,Wish You Were Here
2764,X,it means times
2765,X-I-10,Exciting
2766,X.X,it means: exasperated
2767,XAXA,Ha Ha
2768,XB,XBox
2769,XBF,Ex-Boyfriend
2770,XC,Cross Country
2771,XL,Extra Large
2772,XLNT,Excellent
2773,XME,Excuse Me
2774,xo,kiss hug
2775,XOXO,Hugs and Kisses
2776,XOXOZZZ,Hugs and Kisses and Sweet Dreams
2777,XQZT,Exquisite
2778,XTC,Ecstasy
2779,XXCC,"Kiss, Kiss, Hug, Hug"
2780,Y,Why? -or- Yes
2781,YA,Yet Another -or- You -or- Your
2782,YA yaya,Yet Another Ya-Ya (as in yo-yo)
2783,YABA,Yet Another Bloody Acronym
2784,YACC,Yet Another Calendar Company
2785,YAF,Young Angry Female
2786,YAFIYGI,You Asked For It You Got It
2787,YAHOO,You Always Have Other Options
2788,YAJWD,You Ain't Just Whistling Dixie
2789,YAOTM,Yet Another Off Topic Message
2790,YARBWYR,You're A Right Bleed'n Wanker You Are
2791,YATFM,You Are Too F***ing Much
2792,YATI,You're A Total Idiot
2793,YAUN,Yet Another Unix Nerd
2794,YB,You B*tch
2795,YBF,You've Been F***ed
2796,YBS,You'll Be Sorry
2797,YBY,Yeah Baby Yeah
2798,YBYSA,You Bet Your Sweet Ass
2799,YCMTSU,You Can't Make This Sh** Up
2800,YCMU,You Crack Me Up
2801,YCT,Your Comment To
2802,YDKM,You Don't Know Me
2803,YEPPIES,Young Experimenting Perfection Seekers
2804,YF,Wife
2805,YGBK,You Gotta Be Kidding
2806,YGBSM,You Gotta Be Sh**ing Me
2807,YGLT,You're Gonna Love This
2808,YGM,You've Got Mail
2809,YGTBK,You've Got To Be Kidding
2810,YGTI,You Get The Idea
2811,YGWYPF,You Get What You Pay For
2812,YHM,You Have Mail
2813,YIC,Yours In Christ
2814,YIMBY,Yes In My Back Yard
2815,YITE,Are You All Right?
2816,YIU,"Yes, I Understand"
2817,YIWGP,"Yes, I Will Go Private"
2818,YKW,You Know What?
2819,YKWIM,You Know What I Mean
2820,YLH,Your Loving Husband
2821,YLLO,You Lie Like Obama
2822,YLW,Your Loving Wife
2823,YM,Your Mother -or- Yo Mama
2824,YMAK,You May Already Know
2825,YMAL,You Might Also Like
2826,YMBKM,You Must Be Kidding Me
2827,YMMD,You Make My Day -or- You Made My Day
2828,YMMV,Your Mileage May Vary
2829,YMYBNYCSII,You Made Your Bed Now You Can Sleep In It
2830,YNGBT,You're Not Gonna Believe This
2831,YNI,You Name It
2832,YNK,You Never Know
2833,YOBWOC,"Young, Obnoxious Bastard We Often Con"
2834,YOCO,Your Only Cute Online
2835,YOFO,You're Only Famous Online
2836,YOLO,You Only Live Once
2837,Yooper,someone from U.P.
2838,YOYO,You're On Your Own
2839,YR,Yeah Right -or- you -or- your
2840,YRO,Your Rights Online
2841,YRYOCC,You're Running on Your Own Cuckoo Clock
2842,YS,You Stinker
2843,YSAN,You're Such A Nerd
2844,ysdiw8,why should i wait?
2845,YSIC,Why Should I Care?
2846,YSK,You Should Know
2847,YSVW,You're So Very Welcome
2848,YSYD,"Yeah, Sure You Do"
2849,YTB,You're The Best
2850,YTRNW,"Yeah That's Right, Now What?"
2851,YTS,You're Too Slow -or- Twitter Search
2852,YTTM,You Talk Too Much
2853,YTTT,You Telling The Truth?
2854,YTTWROOMM,You Took The Words Right Out Of My Mouth
2855,YUMPI,Young Upwardly Mobile Professional Idiot
2856,YUPPIES,Young Urban Professionals
2857,YVW,You're Very Welcome
2858,YW,You're Welcome
2859,YWIA,You're Welcome In Advance
2860,YY4U,Too Wise For You
2861,YYSSW,Yeah Yeah Sure Sure Whatever
2862,Z,it means said
2863,zerg,To gang up on someone
2864,ZMG or ZOMG,Oh My God
2865,ZZZ,"Sleeping, Bored, Tired"
2866,\M/,Heavy Metal Music
2867,^5,High Five
2868,^RUP^,Read Up Please
2869,^URS,Up Yours
